,date,time,team1Name,team1Score,team2Name,team2Score,venue,referee,totalScore,winner,month,year,season,avgHomeScore,avgAwayScore,avgTotalScore,avgHomeScoreByMonth,avgHomeScoreByYear,avgHomeScoreBySeason,avgHomeScoreByVenue,avgHomeScoreByTeam,avgAwayScoreByMonth,avgAwayScoreByYear,avgAwayScoreBySeason,avgAwayScoreByVenue,avgAwayScoreByTeam,avgTotalScoreByMonth,avgTotalScoreByYear,avgTotalScoreBySeason,avgTotalScoreByVenue,avgHomeScoreByTeamByMonth,avgHomeScoreByTeamByYear,avgHomeScoreByTeamBySeason,avgHomeScoreByTeamByVenue,avgHomeScoreByTeamAgainstOpponent,avgAwayScoreByTeamByMonth,avgAwayScoreByTeamByYear,avgAwayScoreByTeamBySeason,avgAwayScoreByTeamByVenue,avgAwayScoreByTeamAgainstOpponent,avgHomeLast5Results,avgAwayLast5Results,avgHomeLast3ResultsAgainstOpponent,avgAwayLast3ResultsAgainstOpponent,homeWinPercentage,awayWinPercentage
0,2010-09-03,19:45,Sale,35,Newcastle,18,Edgeley Park,Dean Richards,53,H,Sep,2010,2010-11,23.09,18.39,41.47,25.45,23.75,23.46,21.29,21.23,19.71,18.05,18.07,22.81,15.59,45.16,41.8,41.53,44.1,28.75,22.5,21.45,21.29,31.0,19.75,15.8,14.64,18.5,18.5,19.2,18.2,31.0,18.5,54.54545454545454%,13.636363636363635%
1,2011-12-26,14:30,Sale,27,Newcastle,19,Edgeley Park,Dave Pearson,46,H,Dec,2011,2011-12,23.09,18.39,41.47,21.9,23.01,22.71,21.29,21.23,18.0,18.59,18.7,22.81,15.59,39.9,41.59,41.41,44.1,27.0,21.62,21.0,21.29,31.0,19.0,14.42,16.55,18.5,18.5,19.2,18.2,31.0,18.5,54.54545454545454%,13.636363636363635%
2,2010-09-18,15:00,Exeter,22,Newcastle,17,Sandy Park,Greg Garner,39,H,Sep,2010,2010-11,23.09,18.39,41.47,25.45,23.75,23.46,18.45,18.45,19.71,18.05,18.07,14.0,15.59,45.16,41.8,41.53,32.45,24.25,18.4,18.09,18.45,27.0,19.75,15.8,14.64,16.0,16.0,19.6,18.2,27.0,16.0,59.09090909090909%,13.636363636363635%
3,2011-09-10,15:00,Exeter,32,Newcastle,15,Sandy Park,Chris White,47,H,Sep,2011,2011-12,23.09,18.39,41.47,25.45,23.01,22.71,18.45,18.45,19.71,18.59,18.7,14.0,15.59,45.16,41.59,41.41,32.45,24.25,18.0,18.82,18.45,27.0,19.75,14.42,16.55,16.0,16.0,19.6,18.2,27.0,16.0,59.09090909090909%,13.636363636363635%
4,2011-01-02,14:45,Wasps,33,Newcastle,16,Adams Park,N/A,49,H,Jan,2011,2010-11,23.09,18.39,41.47,20.45,23.01,23.46,21.85,21.64,15.05,18.59,18.07,21.1,15.59,35.5,41.59,41.53,42.95,16.5,23.64,25.82,21.85,21.5,16.0,14.42,14.64,15.0,15.0,16.6,18.2,21.5,15.0,45.45454545454545%,13.636363636363635%
5,2012-05-05,14:00,Wasps,10,Newcastle,14,Adams Park,Wayne Barnes,24,A,May,2012,2011-12,23.09,18.39,41.47,28.28,22.66,22.71,21.85,21.64,16.17,18.27,18.7,21.1,15.59,44.44,40.93,41.41,42.95,10.0,13.83,17.45,21.85,21.5,13.0,18.2,16.55,15.0,15.0,16.6,18.2,21.5,15.0,45.45454545454545%,13.636363636363635%
6,2011-02-12,12:30,London Irish,23,Newcastle,14,Madejski Stadium,N/A,37,H,Feb,2011,2010-11,23.09,18.39,41.47,19.94,23.01,23.46,27.95,28.0,16.39,18.59,18.07,21.65,15.59,36.33,41.59,41.53,49.6,20.33,26.67,26.82,27.95,34.5,18.75,14.42,14.64,21.5,21.5,29.4,18.2,34.5,21.5,63.63636363636363%,13.636363636363635%
7,2011-09-24,15:00,London Irish,46,Newcastle,29,Madejski Stadium,N/A,75,H,Sep,2011,2011-12,23.09,18.39,41.47,25.45,23.01,22.71,27.95,28.0,19.71,18.59,18.7,21.65,15.59,45.16,41.59,41.41,49.6,31.5,26.67,29.18,27.95,34.5,19.75,14.42,16.55,21.5,21.5,29.4,18.2,34.5,21.5,63.63636363636363%,13.636363636363635%
8,2010-10-30,14:30,Northampton,34,Newcastle,13,Franklin's Gardens,Nigel Owens,47,H,Oct,2010,2010-11,23.09,18.39,41.47,21.63,23.75,23.46,28.73,28.73,18.66,18.05,18.07,16.41,15.59,40.29,41.8,41.53,45.14,34.5,30.8,29.18,28.73,39.0,11.25,15.8,14.64,14.0,14.0,28.6,18.2,39.0,14.0,77.27272727272727%,13.636363636363635%
9,2011-10-29,15:00,Northampton,44,Newcastle,15,Franklin's Gardens,N/A,59,H,Oct,2011,2011-12,23.09,18.39,41.47,21.63,23.01,22.71,28.73,28.73,18.66,18.59,18.7,16.41,15.59,40.29,41.59,41.41,45.14,34.5,27.92,28.27,28.73,39.0,11.25,14.42,16.55,14.0,14.0,28.6,18.2,39.0,14.0,77.27272727272727%,13.636363636363635%
10,2011-02-27,17:30,Leeds,5,Newcastle,22,Headingley,N/A,27,A,Feb,2011,2010-11,23.09,18.39,41.47,19.94,23.01,23.46,12.73,12.73,16.39,18.59,18.07,21.18,15.59,36.33,41.59,41.53,33.91,7.0,14.14,12.73,12.73,5.0,18.75,14.42,14.64,22.0,22.0,15.0,18.2,5.0,22.0,27.27272727272727%,13.636363636363635%
11,2011-04-02,15:00,Gloucester,34,Newcastle,9,Kingsholm,Dean Richards,43,H,Apr,2011,2010-11,23.09,18.39,41.47,23.0,23.01,23.46,27.95,27.95,23.36,18.59,18.07,18.5,15.59,46.36,41.59,41.53,46.45,25.0,31.5,30.73,27.95,27.0,19.0,14.42,14.64,19.0,19.0,24.4,18.2,27.0,19.0,77.27272727272727%,13.636363636363635%
12,2012-04-14,15:00,Gloucester,20,Newcastle,29,Kingsholm,Tim Wigglesworth,49,A,Apr,2012,2011-12,23.09,18.39,41.47,23.0,22.66,22.71,27.95,27.95,23.36,18.27,18.7,18.5,15.59,46.36,40.93,41.41,46.45,25.0,24.4,25.18,27.95,27.0,19.0,18.2,16.55,19.0,19.0,24.4,18.2,27.0,19.0,77.27272727272727%,13.636363636363635%
13,2010-11-27,15:00,Leicester,44,Newcastle,19,Welford Road,N/A,63,H,Nov,2010,2010-11,23.09,18.39,41.47,22.12,23.75,23.46,29.71,29.24,16.88,18.05,18.07,18.75,15.59,39.0,41.8,41.53,48.46,28.67,37.0,29.69,29.71,43.0,13.5,15.8,14.64,17.0,17.0,34.6,18.2,43.0,17.0,72.0%,13.636363636363635%
14,2012-02-25,15:00,Leicester,42,Newcastle,15,Welford Road,Greg Garner,57,H,Feb,2012,2011-12,23.09,18.39,41.47,19.94,22.66,22.71,29.71,29.24,16.39,18.27,18.7,18.75,15.59,36.33,40.93,41.41,48.46,31.5,31.43,28.75,29.71,43.0,18.75,18.2,16.55,17.0,17.0,34.6,18.2,43.0,17.0,72.0%,13.636363636363635%
15,2011-05-07,15:00,Bath,42,Newcastle,12,Recreation Ground,Wayne Barnes,54,H,May,2011,2010-11,23.09,18.39,41.47,28.28,23.01,23.46,20.5,20.5,16.17,18.59,18.07,17.64,15.59,44.44,41.59,41.53,38.14,42.0,22.55,20.0,20.5,36.0,13.0,14.42,14.64,18.0,18.0,20.0,18.2,36.0,18.0,59.09090909090909%,13.636363636363635%
16,2012-02-11,14:15,Bath,30,Newcastle,24,Recreation Ground,Dean Richards,54,H,Feb,2012,2011-12,23.09,18.39,41.47,19.94,22.66,22.71,20.5,20.5,16.39,18.27,18.7,17.64,15.59,36.33,40.93,41.41,38.14,26.33,21.67,21.0,20.5,36.0,18.75,18.2,16.55,18.0,18.0,20.0,18.2,36.0,18.0,59.09090909090909%,13.636363636363635%
17,2010-10-02,15:00,Harlequins,23,Newcastle,12,Twickenham Stoop,N/A,35,H,Oct,2010,2010-11,23.09,18.39,41.47,21.63,23.75,23.46,27.52,26.96,18.66,18.05,18.07,16.33,15.59,40.29,41.8,41.53,43.86,24.0,27.33,25.55,27.52,31.0,11.25,15.8,14.64,10.0,10.0,27.0,18.2,31.0,10.0,75.0%,13.636363636363635%
18,2011-11-27,15:00,Harlequins,39,Newcastle,8,Twickenham Stoop,N/A,47,H,Nov,2011,2011-12,23.09,18.39,41.47,22.12,23.01,22.71,27.52,26.96,16.88,18.59,18.7,16.33,15.59,39.0,41.59,41.41,43.86,45.0,27.45,28.15,27.52,31.0,13.5,14.42,16.55,10.0,10.0,27.0,18.2,31.0,10.0,75.0%,13.636363636363635%
19,2011-03-27,15:00,Saracens,24,Newcastle,9,Vicarage Road,N/A,33,H,Mar,2011,2010-11,23.09,18.39,41.47,25.17,23.01,23.46,22.7,21.78,17.6,18.59,18.07,12.65,15.59,42.77,41.59,41.53,35.35,20.33,21.64,22.33,22.7,24.5,9.0,14.42,14.64,7.0,7.0,24.4,18.2,24.5,7.0,78.26086956521739%,13.636363636363635%
20,2011-10-09,15:00,Saracens,25,Newcastle,5,Vicarage Road,N/A,30,H,Oct,2011,2011-12,23.09,18.39,41.47,21.63,23.01,22.71,22.7,21.78,18.66,18.59,18.7,12.65,15.59,40.29,41.59,41.41,35.35,20.0,21.64,21.18,22.7,24.5,11.25,14.42,16.55,7.0,7.0,24.4,18.2,24.5,7.0,78.26086956521739%,13.636363636363635%
21,2012-03-23,19:45,Worcester,19,Newcastle,9,Sixways,N/A,28,H,Mar,2012,2011-12,23.09,18.39,41.47,25.17,22.66,22.71,16.64,16.64,17.6,18.27,18.7,16.0,15.59,42.77,40.93,41.41,32.64,19.0,19.6,16.64,16.64,19.0,9.0,18.2,16.55,9.0,9.0,19.6,18.2,19.0,9.0,54.54545454545454%,13.636363636363635%
22,2010-09-17,19:45,Sale,21,Harlequins,17,Edgeley Park,Dave Pearson,38,H,Sep,2010,2010-11,23.09,18.39,41.47,25.45,23.75,23.46,21.29,21.23,19.71,18.05,18.07,22.81,18.91,45.16,41.8,41.53,44.1,28.75,22.5,21.45,21.29,15.5,23.0,19.8,18.27,20.5,20.5,19.2,16.6,15.5,20.5,54.54545454545454%,45.45454545454545%
23,2012-05-05,14:00,Sale,10,Harlequins,24,Edgeley Park,Martin Fox,34,A,May,2012,2011-12,23.09,18.39,41.47,28.28,22.66,22.71,21.29,21.23,16.17,18.27,18.7,22.81,18.91,44.44,40.93,41.41,44.1,10.0,19.2,21.0,21.29,15.5,24.0,16.6,19.55,20.5,20.5,19.2,16.6,15.5,20.5,54.54545454545454%,45.45454545454545%
24,2011-02-12,15:00,Exeter,20,Harlequins,6,Sandy Park,N/A,26,H,Feb,2011,2010-11,23.09,18.39,41.47,19.94,23.01,23.46,18.45,18.45,16.39,18.59,18.07,14.0,18.91,36.33,41.59,41.53,32.45,14.25,18.0,18.09,18.45,14.5,12.67,19.5,18.27,8.5,8.5,19.6,16.6,14.5,8.5,59.09090909090909%,45.45454545454545%
25,2011-12-31,15:45,Exeter,9,Harlequins,11,Sandy Park,N/A,20,A,Dec,2011,2011-12,23.09,18.39,41.47,21.9,23.01,22.71,18.45,18.45,18.0,18.59,18.7,14.0,18.91,39.9,41.59,41.41,32.45,12.0,18.0,18.82,18.45,14.5,15.67,19.5,19.55,8.5,8.5,19.6,16.6,14.5,8.5,59.09090909090909%,45.45454545454545%
26,2010-09-04,16:30,Wasps,29,Harlequins,29,Twickenham Stadium,Chris White,58,D,Sep,2010,2010-11,23.09,18.39,41.47,25.45,23.75,23.46,22.0,21.64,19.71,18.05,18.07,24.33,18.91,45.16,41.8,41.53,46.33,29.75,26.6,25.82,19.5,22.5,23.0,19.8,18.27,29.0,25.5,16.6,16.6,22.5,25.5,45.45454545454545%,45.45454545454545%
27,2011-12-04,16:00,Wasps,16,Harlequins,22,Adams Park,Dean Richards,38,A,Dec,2011,2011-12,23.09,18.39,41.47,21.9,23.01,22.71,21.85,21.64,18.0,18.59,18.7,21.1,18.91,39.9,41.59,41.41,42.95,20.0,23.64,17.45,21.85,22.5,15.67,19.5,19.55,22.0,25.5,16.6,16.6,22.5,25.5,45.45454545454545%,45.45454545454545%
28,2011-02-26,15:00,London Irish,15,Harlequins,9,Madejski Stadium,N/A,24,H,Feb,2011,2010-11,23.09,18.39,41.47,19.94,23.01,23.46,27.95,28.0,16.39,18.59,18.07,21.65,18.91,36.33,41.59,41.53,49.6,20.33,26.67,26.82,27.95,19.5,12.67,19.5,18.27,9.0,19.0,29.4,16.6,19.5,19.0,63.63636363636363%,45.45454545454545%
29,2011-09-03,14:00,London Irish,24,Harlequins,29,Twickenham Stadium,Greg Garner,53,A,Sep,2011,2011-12,23.09,18.39,41.47,25.45,23.01,22.71,22.0,28.0,19.71,18.59,18.7,24.33,18.91,45.16,41.59,41.41,46.33,31.5,26.67,29.18,28.5,19.5,23.0,19.5,19.55,29.0,19.0,29.4,16.6,19.5,19.0,63.63636363636363%,45.45454545454545%
30,2011-01-01,15:00,Northampton,13,Harlequins,16,Franklin's Gardens,N/A,29,A,Jan,2011,2010-11,23.09,18.39,41.47,20.45,23.01,23.46,28.73,28.73,15.05,18.59,18.07,16.41,18.91,35.5,41.59,41.53,45.14,18.5,27.92,29.18,28.73,18.5,9.5,19.5,18.27,9.5,9.5,28.6,16.6,18.5,9.5,77.27272727272727%,45.45454545454545%
31,2012-01-06,19:45,Northampton,24,Harlequins,3,Franklin's Gardens,Dave Pearson,27,H,Jan,2012,2011-12,23.09,18.39,41.47,20.45,22.66,22.71,28.73,28.73,15.05,18.27,18.7,16.41,18.91,35.5,40.93,41.41,45.14,18.5,28.6,28.27,28.73,18.5,9.5,16.6,19.55,9.5,9.5,28.6,16.6,18.5,9.5,77.27272727272727%,45.45454545454545%
32,2011-04-24,15:00,Leeds,3,Harlequins,38,Headingley,Martin Fox,41,A,Apr,2011,2010-11,23.09,18.39,41.47,23.0,23.01,23.46,12.73,12.73,23.36,18.59,18.07,21.18,18.91,46.36,41.59,41.53,33.91,15.0,14.14,12.73,12.73,3.0,26.5,19.5,18.27,38.0,38.0,15.0,16.6,3.0,38.0,27.27272727272727%,45.45454545454545%
33,2010-10-23,15:00,Gloucester,33,Harlequins,26,Kingsholm,N/A,59,H,Oct,2010,2010-11,23.09,18.39,41.47,21.63,23.75,23.46,27.95,27.95,18.66,18.05,18.07,18.5,18.91,40.29,41.8,41.53,46.45,25.5,23.0,30.73,27.95,31.0,26.5,19.8,18.27,24.5,24.5,24.4,16.6,31.0,24.5,77.27272727272727%,45.45454545454545%
34,2012-02-25,18:00,Gloucester,29,Harlequins,23,Kingsholm,Dave Pearson,52,H,Feb,2012,2011-12,23.09,18.39,41.47,19.94,22.66,22.71,27.95,27.95,16.39,18.27,18.7,18.5,18.91,36.33,40.93,41.41,46.45,26.33,24.4,25.18,27.95,31.0,12.67,16.6,19.55,24.5,24.5,24.4,16.6,31.0,24.5,77.27272727272727%,45.45454545454545%
35,2010-11-19,19:45,Leicester,18,Harlequins,13,Welford Road,N/A,31,H,Nov,2010,2010-11,23.09,18.39,41.47,22.12,23.75,23.46,29.71,29.24,16.88,18.05,18.07,18.75,18.91,39.0,41.8,41.53,48.46,28.67,37.0,29.69,29.71,18.0,19.5,19.8,18.27,20.0,20.0,34.6,16.6,18.0,20.0,72.0%,45.45454545454545%
36,2011-10-08,16:45,Leicester,18,Harlequins,27,Welford Road,N/A,45,A,Oct,2011,2011-12,23.09,18.39,41.47,21.63,23.01,22.71,29.71,29.24,18.66,18.59,18.7,18.75,18.91,40.29,41.59,41.41,48.46,19.5,24.08,28.75,29.71,18.0,26.5,19.5,19.55,20.0,20.0,34.6,16.6,18.0,20.0,72.0%,45.45454545454545%
37,2011-04-16,14:15,Bath,19,Harlequins,15,Recreation Ground,Dave Pearson,34,H,Apr,2011,2010-11,23.09,18.39,41.47,23.0,23.01,23.46,20.5,20.5,23.36,18.59,18.07,17.64,18.91,46.36,41.59,41.53,38.14,20.67,22.55,20.0,20.5,16.0,26.5,19.5,18.27,20.5,20.5,20.0,16.6,16.0,20.5,59.09090909090909%,45.45454545454545%
38,2011-11-05,14:15,Bath,13,Harlequins,26,Recreation Ground,Dean Richards,39,A,Nov,2011,2011-12,23.09,18.39,41.47,22.12,23.01,22.71,20.5,20.5,16.88,18.59,18.7,17.64,18.91,39.0,41.59,41.41,38.14,10.67,22.55,21.0,20.5,16.0,19.5,19.5,19.55,20.5,20.5,20.0,16.6,16.0,20.5,59.09090909090909%,45.45454545454545%
39,2010-12-05,15:00,Saracens,26,Harlequins,14,Vicarage Road,N/A,40,H,Dec,2010,2010-11,23.09,18.39,41.47,21.9,23.75,23.46,22.7,21.78,18.0,18.05,18.07,12.65,18.91,39.9,41.8,41.53,35.35,18.0,21.0,22.33,22.7,22.5,15.67,19.8,18.27,14.0,19.0,24.4,16.6,22.5,19.0,78.26086956521739%,45.45454545454545%
40,2012-03-31,15:00,Saracens,19,Harlequins,24,Wembley Stadium,Greg Garner,43,A,Mar,2012,2011-12,23.09,18.39,41.47,25.17,22.66,22.71,16.0,21.78,17.6,18.27,18.7,15.0,18.91,42.77,40.93,41.41,31.0,20.33,22.83,21.18,16.0,22.5,17.0,16.6,19.55,24.0,19.0,24.4,16.6,22.5,19.0,78.26086956521739%,45.45454545454545%
41,2011-09-24,15:00,Worcester,15,Harlequins,17,Sixways,Chris White,32,A,Sep,2011,2011-12,23.09,18.39,41.47,25.45,23.01,22.71,16.64,16.64,19.71,18.59,18.7,16.0,18.91,45.16,41.59,41.41,32.64,14.67,14.17,16.64,16.64,15.0,23.0,19.5,19.55,17.0,17.0,19.6,16.6,15.0,17.0,54.54545454545454%,45.45454545454545%
42,2011-03-04,20:00,Newcastle,33,Harlequins,18,Kingston Park,N/A,51,H,Mar,2011,2010-11,23.09,18.39,41.47,25.17,23.01,23.46,16.73,16.73,17.6,18.59,18.07,19.5,18.91,42.77,41.59,41.53,36.23,21.33,18.38,18.09,16.73,21.0,17.0,19.5,18.27,13.5,13.5,12.6,16.6,21.0,13.5,31.818181818181817%,45.45454545454545%
43,2012-03-02,19:45,Newcastle,9,Harlequins,9,Kingston Park,Andrew Small,18,D,Mar,2012,2011-12,23.09,18.39,41.47,25.17,22.66,22.71,16.73,16.73,17.6,18.27,18.7,19.5,18.91,42.77,40.93,41.41,36.23,21.33,12.6,15.36,16.73,21.0,17.0,16.6,19.55,13.5,13.5,12.6,16.6,21.0,13.5,31.818181818181817%,45.45454545454545%
44,2010-10-01,19:45,Sale,24,Wasps,25,Edgeley Park,N/A,49,A,Oct,2010,2010-11,23.09,18.39,41.47,21.63,23.75,23.46,21.29,21.23,18.66,18.05,18.07,22.81,14.18,40.29,41.8,41.53,44.1,16.67,22.5,21.45,21.29,35.0,16.5,16.0,12.82,29.5,29.5,19.2,17.8,35.0,29.5,54.54545454545454%,22.727272727272727%
45,2012-02-24,19:45,Sale,46,Wasps,34,Edgeley Park,Sean Davey,80,H,Feb,2012,2011-12,23.09,18.39,41.47,19.94,22.66,22.71,21.29,21.23,16.39,18.27,18.7,22.81,14.18,36.33,40.93,41.41,44.1,21.0,19.2,21.0,21.29,35.0,23.0,17.8,15.55,29.5,29.5,19.2,17.8,35.0,29.5,54.54545454545454%,22.727272727272727%
46,2011-05-07,15:00,Exeter,21,Wasps,8,Sandy Park,Llyr Apgeraint-Roberts,29,H,May,2011,2010-11,23.09,18.39,41.47,28.28,23.01,23.46,18.45,18.45,16.17,18.59,18.07,14.0,14.18,44.44,41.59,41.53,32.45,21.0,18.0,18.09,18.45,21.0,8.0,11.55,12.82,9.5,9.5,19.6,17.8,21.0,9.5,59.09090909090909%,22.727272727272727%
47,2011-09-25,15:00,Exeter,21,Wasps,11,Sandy Park,Martin Fox,32,H,Sep,2011,2011-12,23.09,18.39,41.47,25.45,23.01,22.71,18.45,18.45,19.71,18.59,18.7,14.0,14.18,45.16,41.59,41.41,32.45,24.25,18.0,18.82,18.45,21.0,17.0,11.55,15.55,9.5,9.5,19.6,17.8,21.0,9.5,59.09090909090909%,22.727272727272727%
48,2011-04-03,15:00,London Irish,25,Wasps,12,Madejski Stadium,Chris White,37,H,Apr,2011,2010-11,23.09,18.39,41.47,23.0,23.01,23.46,27.95,28.0,23.36,18.59,18.07,21.65,14.18,46.36,41.59,41.53,49.6,21.33,26.67,26.82,27.95,23.0,13.67,11.55,12.82,14.5,14.5,29.4,17.8,23.0,14.5,63.63636363636363%,22.727272727272727%
49,2011-11-26,15:00,London Irish,21,Wasps,17,Madejski Stadium,Sean Davey,38,H,Nov,2011,2011-12,23.09,18.39,41.47,22.12,23.01,22.71,27.95,28.0,16.88,18.59,18.7,21.65,14.18,39.0,41.59,41.41,49.6,21.0,26.67,29.18,27.95,23.0,14.0,11.55,15.55,14.5,14.5,29.4,17.8,23.0,14.5,63.63636363636363%,22.727272727272727%
50,2011-03-27,13:45,Northampton,39,Wasps,3,Franklin's Gardens,N/A,42,H,Mar,2011,2010-11,23.09,18.39,41.47,25.17,23.01,23.46,28.73,28.73,17.6,18.59,18.07,16.41,14.18,42.77,41.59,41.53,45.14,35.5,27.92,29.18,28.73,35.5,9.0,11.55,12.82,9.0,9.0,28.6,17.8,35.5,9.0,77.27272727272727%,22.727272727272727%
51,2012-03-24,17:45,Northampton,32,Wasps,15,Franklin's Gardens,Tim Wigglesworth,47,H,Mar,2012,2011-12,23.09,18.39,41.47,25.17,22.66,22.71,28.73,28.73,17.6,18.27,18.7,16.41,14.18,42.77,40.93,41.41,45.14,35.5,28.6,28.27,28.73,35.5,9.0,17.8,15.55,9.0,9.0,28.6,17.8,35.5,9.0,77.27272727272727%,22.727272727272727%
52,2010-10-31,15:00,Leeds,8,Wasps,17,Headingley,Dean Richards,25,A,Oct,2010,2010-11,23.09,18.39,41.47,21.63,23.75,23.46,12.73,12.73,18.66,18.05,18.07,21.18,14.18,40.29,41.8,41.53,33.91,5.5,10.25,12.73,12.73,8.0,16.5,16.0,12.82,17.0,17.0,15.0,17.8,8.0,17.0,27.27272727272727%,22.727272727272727%
53,2010-09-25,14:30,Gloucester,22,Wasps,20,Kingsholm,N/A,42,H,Sep,2010,2010-11,23.09,18.39,41.47,25.45,23.75,23.46,27.95,27.95,19.71,18.05,18.07,18.5,14.18,45.16,41.8,41.53,46.45,24.0,23.0,30.73,27.95,30.5,17.0,16.0,12.82,15.0,15.0,24.4,17.8,30.5,15.0,77.27272727272727%,22.727272727272727%
54,2011-12-26,15:00,Gloucester,39,Wasps,10,Kingsholm,Greg Garner,49,H,Dec,2011,2011-12,23.09,18.39,41.47,21.9,23.01,22.71,27.95,27.95,18.0,18.59,18.7,18.5,14.18,39.9,41.59,41.41,46.45,39.0,31.5,25.18,27.95,30.5,8.0,11.55,15.55,15.0,15.0,24.4,17.8,30.5,15.0,77.27272727272727%,22.727272727272727%
55,2011-02-19,17:30,Leicester,21,Wasps,12,Welford Road,N/A,33,H,Feb,2011,2010-11,23.09,18.39,41.47,19.94,23.01,23.46,29.71,29.24,16.39,18.59,18.07,18.75,14.18,36.33,41.59,41.53,48.46,31.5,24.08,29.69,29.71,20.0,23.0,11.55,12.82,11.5,11.5,34.6,17.8,20.0,11.5,72.0%,22.727272727272727%
56,2012-01-07,17:00,Leicester,19,Wasps,11,Welford Road,Tim Wigglesworth,30,H,Jan,2012,2011-12,23.09,18.39,41.47,20.45,22.66,22.71,29.71,29.24,15.05,18.27,18.7,18.75,14.18,35.5,40.93,41.41,48.46,24.67,31.43,28.75,29.71,20.0,10.5,17.8,15.55,11.5,11.5,34.6,17.8,20.0,11.5,72.0%,22.727272727272727%
57,2010-11-27,17:30,Bath,6,Wasps,11,Recreation Ground,Dean Richards,17,A,Nov,2010,2010-11,23.09,18.39,41.47,22.12,23.75,23.46,20.5,20.5,16.88,18.05,18.07,17.64,14.18,39.0,41.8,41.53,38.14,10.67,14.6,20.0,20.5,11.5,14.0,16.0,12.82,11.5,11.5,20.0,17.8,11.5,11.5,59.09090909090909%,22.727272727272727%
58,2012-04-21,14:15,Bath,17,Wasps,12,Recreation Ground,Dave Pearson,29,H,Apr,2012,2011-12,23.09,18.39,41.47,23.0,22.66,22.71,20.5,20.5,23.36,18.27,18.7,17.64,14.18,46.36,40.93,41.41,38.14,20.67,21.67,21.0,20.5,11.5,13.67,17.8,15.55,11.5,11.5,20.0,17.8,11.5,11.5,59.09090909090909%,22.727272727272727%
59,2011-01-08,15:00,Harlequins,17,Wasps,10,Twickenham Stoop,N/A,27,H,Jan,2011,2010-11,23.09,18.39,41.47,20.45,23.01,23.46,27.52,26.96,15.05,18.59,18.07,16.33,14.18,35.5,41.59,41.53,43.86,17.0,27.45,25.55,27.52,25.0,10.5,11.55,12.82,13.5,13.5,27.0,17.8,25.0,13.5,75.0%,22.727272727272727%
60,2012-04-14,16:30,Harlequins,33,Wasps,17,Twickenham Stoop,N/A,50,H,Apr,2012,2011-12,23.09,18.39,41.47,23.0,22.66,22.71,27.52,26.96,23.36,18.27,18.7,16.33,14.18,46.36,40.93,41.41,43.86,26.33,25.86,28.15,27.52,25.0,13.67,17.8,15.55,13.5,13.5,27.0,17.8,25.0,13.5,75.0%,22.727272727272727%
61,2010-12-26,15:00,Saracens,13,Wasps,6,Wembley Stadium,N/A,19,H,Dec,2010,2010-11,23.09,18.39,41.47,21.9,23.75,23.46,16.0,21.78,18.0,18.05,18.07,15.0,14.18,39.9,41.8,41.53,31.0,18.0,21.0,22.33,16.0,14.0,8.0,16.0,12.82,6.0,13.0,24.4,17.8,14.0,13.0,78.26086956521739%,22.727272727272727%
62,2011-09-03,16:30,Saracens,15,Wasps,20,Twickenham Stadium,N/A,35,A,Sep,2011,2011-12,23.09,18.39,41.47,25.45,23.01,22.71,22.0,21.78,19.71,18.59,18.7,24.33,14.18,45.16,41.59,41.41,46.33,21.25,21.64,21.18,15.0,14.0,17.0,11.55,15.55,20.0,13.0,24.4,17.8,14.0,13.0,78.26086956521739%,22.727272727272727%
63,2011-10-28,19:45,Worcester,12,Wasps,14,Sixways,Greg Garner,26,A,Oct,2011,2011-12,23.09,18.39,41.47,21.63,23.01,22.71,16.64,16.64,18.66,18.59,18.7,16.0,14.18,40.29,41.59,41.41,32.64,12.0,14.17,16.64,16.64,12.0,16.5,11.55,15.55,14.0,14.0,19.6,17.8,12.0,14.0,54.54545454545454%,22.727272727272727%
64,2010-09-10,20:00,Newcastle,29,Wasps,17,Kingston Park,N/A,46,H,Sep,2010,2010-11,23.09,18.39,41.47,25.45,23.75,23.46,16.73,16.73,19.71,18.05,18.07,19.5,14.18,45.16,41.8,41.53,36.23,19.0,16.5,18.09,16.73,22.0,17.0,16.0,12.82,13.5,13.5,12.6,17.8,22.0,13.5,31.818181818181817%,22.727272727272727%
65,2011-10-02,15:30,Newcastle,15,Wasps,10,Kingston Park,Sean Davey,25,H,Oct,2011,2011-12,23.09,18.39,41.47,21.63,23.01,22.71,16.73,16.73,18.66,18.59,18.7,19.5,14.18,40.29,41.59,41.41,36.23,14.0,18.38,15.36,16.73,22.0,16.5,11.55,15.55,13.5,13.5,12.6,17.8,22.0,13.5,31.818181818181817%,22.727272727272727%
66,2010-11-19,19:45,Sale,10,Northampton,19,Edgeley Park,N/A,29,A,Nov,2010,2010-11,23.09,18.39,41.47,22.12,23.75,23.46,21.29,21.23,16.88,18.05,18.07,22.81,19.42,39.0,41.8,41.53,44.1,16.5,22.5,21.45,21.29,19.5,21.5,23.25,17.92,20.0,20.0,19.2,21.8,19.5,20.0,54.54545454545454%,45.83333333333333%
67,2011-09-23,19:45,Sale,29,Northampton,21,Edgeley Park,Tim Wigglesworth,50,H,Sep,2011,2011-12,23.09,18.39,41.47,25.45,23.01,22.71,21.29,21.23,19.71,18.59,18.7,22.81,19.42,45.16,41.59,41.41,44.1,28.75,21.62,21.0,21.29,19.5,14.8,17.14,20.92,20.0,20.0,19.2,21.8,19.5,20.0,54.54545454545454%,45.83333333333333%
68,2011-03-06,15:00,Exeter,30,Northampton,9,Sandy Park,N/A,39,H,Mar,2011,2010-11,23.09,18.39,41.47,25.17,23.01,23.46,18.45,18.45,17.6,18.59,18.07,14.0,19.42,42.77,41.59,41.53,32.45,28.33,18.0,18.09,18.45,22.5,17.5,17.14,17.92,13.5,13.5,19.6,21.8,22.5,13.5,59.09090909090909%,45.83333333333333%
69,2012-04-22,14:00,Exeter,15,Northampton,18,Sandy Park,Andrew Small,33,A,Apr,2012,2011-12,23.09,18.39,41.47,23.0,22.66,22.71,18.45,18.45,23.36,18.27,18.7,14.0,19.42,46.36,40.93,41.41,32.45,13.5,19.6,18.82,18.45,22.5,20.25,22.17,20.92,13.5,13.5,19.6,21.8,22.5,13.5,59.09090909090909%,45.83333333333333%
70,2010-10-24,14:45,Wasps,10,Northampton,37,Adams Park,N/A,47,A,Oct,2010,2010-11,23.09,18.39,41.47,21.63,23.75,23.46,21.85,21.64,18.66,18.05,18.07,21.1,19.42,40.29,41.8,41.53,42.95,18.5,26.6,25.82,21.85,11.5,37.0,23.25,17.92,30.5,30.5,16.6,21.8,11.5,30.5,45.45454545454545%,45.83333333333333%
71,2011-11-06,14:15,Wasps,13,Northampton,24,Adams Park,Tim Wigglesworth,37,A,Nov,2011,2011-12,23.09,18.39,41.47,22.12,23.01,22.71,21.85,21.64,16.88,18.59,18.7,21.1,19.42,39.0,41.59,41.41,42.95,23.0,23.64,17.45,21.85,11.5,21.5,17.14,20.92,30.5,30.5,16.6,21.8,11.5,30.5,45.45454545454545%,45.83333333333333%
72,2011-04-23,15:00,London Irish,20,Northampton,26,Madejski Stadium,N/A,46,A,Apr,2011,2010-11,23.09,18.39,41.47,23.0,23.01,23.46,27.95,28.0,23.36,18.59,18.07,21.65,19.42,46.36,41.59,41.53,49.6,21.33,26.67,26.82,27.95,21.5,20.25,17.14,17.92,28.0,28.0,29.4,21.8,21.5,28.0,63.63636363636363%,45.83333333333333%
73,2012-02-26,13:15,London Irish,23,Northampton,30,Madejski Stadium,Andrew Small,53,A,Feb,2012,2011-12,23.09,18.39,41.47,19.94,22.66,22.71,27.95,28.0,16.39,18.27,18.7,21.65,19.42,36.33,40.93,41.41,49.6,20.33,29.4,29.18,27.95,21.5,20.67,22.17,20.92,28.0,28.0,29.4,21.8,21.5,28.0,63.63636363636363%,45.83333333333333%
74,2011-03-12,15:00,Leeds,13,Northampton,23,Headingley,N/A,36,A,Mar,2011,2010-11,23.09,18.39,41.47,25.17,23.01,23.46,12.73,12.73,17.6,18.59,18.07,21.18,19.42,42.77,41.59,41.53,33.91,20.0,14.14,12.73,12.73,13.0,17.5,17.14,17.92,23.0,23.0,15.0,21.8,13.0,23.0,27.27272727272727%,45.83333333333333%
75,2011-04-19,19:45,Gloucester,27,Northampton,15,Kingsholm,N/A,42,H,Apr,2011,2010-11,23.09,18.39,41.47,23.0,23.01,23.46,27.95,27.95,23.36,18.59,18.07,18.5,19.42,46.36,41.59,41.53,46.45,25.0,31.5,30.73,27.95,27.0,20.25,17.14,17.92,19.5,19.5,24.4,21.8,27.0,19.5,77.27272727272727%,45.83333333333333%
76,2012-02-11,14:15,Gloucester,27,Northampton,24,Kingsholm,N/A,51,H,Feb,2012,2011-12,23.09,18.39,41.47,19.94,22.66,22.71,27.95,27.95,16.39,18.27,18.7,18.5,19.42,36.33,40.93,41.41,46.45,26.33,24.4,25.18,27.95,27.0,20.67,22.17,20.92,19.5,19.5,24.4,21.8,27.0,19.5,77.27272727272727%,45.83333333333333%
77,2011-01-08,15:00,Leicester,27,Northampton,16,Welford Road,N/A,43,H,Jan,2011,2010-11,23.09,18.39,41.47,20.45,23.01,23.46,29.71,29.24,15.05,18.59,18.07,18.75,19.42,35.5,41.59,41.53,48.46,24.67,24.08,29.69,29.71,22.67,16.0,17.14,17.92,14.67,14.67,34.6,21.8,22.67,14.67,72.0%,45.83333333333333%
78,2011-05-14,15:15,Leicester,11,Northampton,3,Welford Road,Wayne Barnes,14,H,May,2011,2010-11,23.09,18.39,41.47,28.28,23.01,23.46,29.71,29.24,16.17,18.59,18.07,18.75,19.42,44.44,41.59,41.53,48.46,22.6,24.08,29.69,29.71,22.67,13.0,17.14,17.92,14.67,14.67,34.6,21.8,22.67,14.67,72.0%,45.83333333333333%
79,2011-12-03,14:15,Leicester,30,Northampton,25,Welford Road,Wayne Barnes,55,H,Dec,2011,2011-12,23.09,18.39,41.47,21.9,23.01,22.71,29.71,29.24,18.0,18.59,18.7,18.75,19.42,39.9,41.59,41.41,48.46,42.0,24.08,28.75,29.71,22.67,28.5,17.14,20.92,14.67,14.67,34.6,21.8,22.67,14.67,72.0%,45.83333333333333%
80,2011-02-19,15:00,Bath,38,Northampton,8,Recreation Ground,N/A,46,H,Feb,2011,2010-11,23.09,18.39,41.47,19.94,23.01,23.46,20.5,20.5,16.39,18.59,18.07,17.64,19.42,36.33,41.59,41.53,38.14,26.33,22.55,20.0,20.5,22.0,20.67,17.14,17.92,17.0,17.0,20.0,21.8,22.0,17.0,59.09090909090909%,45.83333333333333%
81,2012-03-31,17:30,Bath,6,Northampton,26,Recreation Ground,Martin Fox,32,A,Mar,2012,2011-12,23.09,18.39,41.47,25.17,22.66,22.71,20.5,20.5,17.6,18.27,18.7,17.64,19.42,42.77,40.93,41.41,38.14,16.0,21.67,21.0,20.5,22.0,17.5,22.17,20.92,17.0,17.0,20.0,21.8,22.0,17.0,59.09090909090909%,45.83333333333333%
82,2010-09-11,13:30,Harlequins,16,Northampton,20,Twickenham Stoop,Andrew Small,36,A,Sep,2010,2010-11,23.09,18.39,41.47,25.45,23.75,23.46,27.52,26.96,19.71,18.05,18.07,16.33,19.42,45.16,41.8,41.53,43.86,31.0,27.33,25.55,27.52,22.33,14.8,23.25,17.92,18.67,18.67,27.0,21.8,22.33,18.67,75.0%,45.83333333333333%
83,2011-09-09,19:45,Harlequins,26,Northampton,13,Twickenham Stoop,Greg Garner,39,H,Sep,2011,2011-12,23.09,18.39,41.47,25.45,23.01,22.71,27.52,26.96,19.71,18.59,18.7,16.33,19.42,45.16,41.59,41.41,43.86,31.0,27.45,28.15,27.52,22.33,14.8,17.14,20.92,18.67,18.67,27.0,21.8,22.33,18.67,75.0%,45.83333333333333%
84,2012-05-12,14:45,Harlequins,25,Northampton,23,Twickenham Stoop,Andrew Small (England),48,H,May,2012,2011-12,23.09,18.39,41.47,28.28,22.66,22.71,27.52,26.96,16.17,18.27,18.7,16.33,19.42,44.44,40.93,41.41,43.86,22.67,25.86,28.15,27.52,22.33,13.0,22.17,20.92,18.67,18.67,27.0,21.8,22.33,18.67,75.0%,45.83333333333333%
85,2010-09-26,15:00,Saracens,24,Northampton,17,Vicarage Road,N/A,41,H,Sep,2010,2010-11,23.09,18.39,41.47,25.45,23.75,23.46,22.7,21.78,19.71,18.05,18.07,12.65,19.42,45.16,41.8,41.53,35.35,21.25,21.0,22.33,22.7,21.0,14.8,23.25,17.92,14.5,14.5,24.4,21.8,21.0,14.5,78.26086956521739%,45.83333333333333%
86,2012-03-04,17:00,Saracens,18,Northampton,12,Vicarage Road,N/A,30,H,Mar,2012,2011-12,23.09,18.39,41.47,25.17,22.66,22.71,22.7,21.78,17.6,18.27,18.7,12.65,19.42,42.77,40.93,41.41,35.35,20.33,22.83,21.18,22.7,21.0,17.5,22.17,20.92,14.5,14.5,24.4,21.8,21.0,14.5,78.26086956521739%,45.83333333333333%
87,2011-09-30,19:45,Worcester,12,Northampton,3,Sixways,N/A,15,H,Sep,2011,2011-12,23.09,18.39,41.47,25.45,23.01,22.71,16.64,16.64,19.71,18.59,18.7,16.0,19.42,45.16,41.59,41.41,32.64,14.67,14.17,16.64,16.64,12.0,14.8,17.14,20.92,3.0,3.0,19.6,21.8,12.0,3.0,54.54545454545454%,45.83333333333333%
88,2011-04-15,19:45,Newcastle,15,Northampton,22,Kingston Park,Greg Garner,37,A,Apr,2011,2010-11,23.09,18.39,41.47,23.0,23.01,23.46,16.73,16.73,23.36,18.59,18.07,19.5,19.42,46.36,41.59,41.53,36.23,14.2,18.38,18.09,16.73,14.5,20.25,17.14,17.92,27.0,27.0,12.6,21.8,14.5,27.0,31.818181818181817%,45.83333333333333%
89,2011-12-31,14:00,Newcastle,14,Northampton,32,Kingston Park,Tim Wigglesworth,46,A,Dec,2011,2011-12,23.09,18.39,41.47,21.9,23.01,22.71,16.73,16.73,18.0,18.59,18.7,19.5,19.42,39.9,41.59,41.41,36.23,20.0,18.38,15.36,16.73,14.5,28.5,17.14,20.92,27.0,27.0,12.6,21.8,14.5,27.0,31.818181818181817%,45.83333333333333%
90,2011-01-02,15:00,Sale,28,Saracens,22,Edgeley Park,N/A,50,H,Jan,2011,2010-11,23.09,18.39,41.47,20.45,23.01,23.46,21.29,21.23,15.05,18.59,18.07,22.81,21.71,35.5,41.59,41.53,44.1,28.0,21.62,21.45,21.29,18.5,22.0,23.38,20.83,33.5,33.5,19.2,21.6,18.5,33.5,54.54545454545454%,75.0%
91,2012-03-23,19:45,Sale,9,Saracens,45,Edgeley Park,Andrew Small,54,A,Mar,2012,2011-12,23.09,18.39,41.47,25.17,22.66,22.71,21.29,21.23,17.6,18.27,18.7,22.81,21.71,42.77,40.93,41.41,44.1,12.0,19.2,21.0,21.29,18.5,30.0,21.67,22.58,33.5,33.5,19.2,21.6,18.5,33.5,54.54545454545454%,75.0%
92,2011-04-16,15:00,Exeter,12,Saracens,33,Sandy Park,Dean Richards,45,A,Apr,2011,2010-11,23.09,18.39,41.47,23.0,23.01,23.46,18.45,18.45,23.36,18.59,18.07,14.0,21.71,46.36,41.59,41.53,32.45,13.5,18.0,18.09,18.45,12.5,23.33,23.38,20.83,25.0,25.0,19.6,21.6,12.5,25.0,59.09090909090909%,75.0%
93,2011-10-01,15:00,Exeter,13,Saracens,17,Sandy Park,N/A,30,A,Oct,2011,2011-12,23.09,18.39,41.47,21.63,23.01,22.71,18.45,18.45,18.66,18.59,18.7,14.0,21.71,40.29,41.59,41.41,32.45,11.0,18.0,18.82,18.45,12.5,17.0,23.38,22.58,25.0,25.0,19.6,21.6,12.5,25.0,59.09090909090909%,75.0%
94,2011-02-27,13:00,Wasps,15,Saracens,26,Adams Park,N/A,41,A,Feb,2011,2010-11,23.09,18.39,41.47,19.94,23.01,23.46,21.85,21.64,16.39,18.59,18.07,21.1,21.71,36.33,41.59,41.53,42.95,13.25,23.64,25.82,21.85,16.0,22.0,23.38,20.83,24.0,24.0,16.6,21.6,16.0,24.0,45.45454545454545%,75.0%
95,2012-02-12,13:15,Wasps,17,Saracens,22,Adams Park,Greg Garner,39,A,Feb,2012,2011-12,23.09,18.39,41.47,19.94,22.66,22.71,21.85,21.64,16.39,18.27,18.7,21.1,21.71,36.33,40.93,41.41,42.95,13.25,13.83,17.45,21.85,16.0,22.0,21.67,22.58,24.0,24.0,16.6,21.6,16.0,24.0,45.45454545454545%,75.0%
96,2010-09-04,14:00,London Irish,33,Saracens,16,Twickenham Stadium,Andrew Small,49,H,Sep,2010,2010-11,23.09,18.39,41.47,25.45,23.75,23.46,22.0,28.0,19.71,18.05,18.07,24.33,21.71,45.16,41.8,41.53,46.33,31.5,29.8,26.82,28.5,26.0,30.0,17.4,20.83,19.0,22.0,29.4,21.6,26.0,22.0,63.63636363636363%,75.0%
97,2012-04-14,15:00,London Irish,19,Saracens,28,Madejski Stadium,Martin Fox,47,A,Apr,2012,2011-12,23.09,18.39,41.47,23.0,22.66,22.71,27.95,28.0,23.36,18.27,18.7,21.65,21.71,46.36,40.93,41.41,49.6,21.33,29.4,29.18,27.95,26.0,23.33,21.67,22.58,28.0,22.0,29.4,21.6,26.0,22.0,63.63636363636363%,75.0%
98,2011-02-12,15:00,Northampton,15,Saracens,29,Franklin's Gardens,N/A,44,A,Feb,2011,2010-11,23.09,18.39,41.47,19.94,23.01,23.46,28.73,28.73,16.39,18.59,18.07,16.41,21.71,36.33,41.59,41.53,45.14,18.33,27.92,29.18,28.73,22.5,22.0,23.38,20.83,18.5,18.5,28.6,21.6,22.5,18.5,77.27272727272727%,75.0%
99,2011-11-26,17:00,Northampton,30,Saracens,8,Franklin's Gardens,Dave Pearson,38,H,Nov,2011,2011-12,23.09,18.39,41.47,22.12,23.01,22.71,28.73,28.73,16.88,18.59,18.7,16.41,21.71,39.0,41.59,41.41,45.14,32.5,27.92,28.27,28.73,22.5,12.67,23.38,22.58,18.5,18.5,28.6,21.6,22.5,18.5,77.27272727272727%,75.0%
100,2010-09-19,15:00,Leeds,14,Saracens,26,Headingley,Sean Davey,40,A,Sep,2010,2010-11,23.09,18.39,41.47,25.45,23.75,23.46,12.73,12.73,19.71,18.05,18.07,21.18,21.71,45.16,41.8,41.53,33.91,15.0,10.25,12.73,12.73,14.0,30.0,17.4,20.83,26.0,26.0,15.0,21.6,14.0,26.0,27.27272727272727%,75.0%
101,2010-11-27,16:30,Gloucester,19,Saracens,13,Kingsholm,N/A,32,H,Nov,2010,2010-11,23.09,18.39,41.47,22.12,23.75,23.46,27.95,27.95,16.88,18.05,18.07,18.5,21.71,39.0,41.8,41.53,46.45,16.5,23.0,30.73,27.95,18.0,12.67,17.4,20.83,16.0,16.0,24.4,21.6,18.0,16.0,77.27272727272727%,75.0%
102,2011-10-29,17:45,Gloucester,17,Saracens,19,Kingsholm,Tim Wigglesworth,36,A,Oct,2011,2011-12,23.09,18.39,41.47,21.63,23.01,22.71,27.95,27.95,18.66,18.59,18.7,18.5,21.71,40.29,41.59,41.41,46.45,25.5,31.5,25.18,27.95,18.0,17.0,23.38,22.58,16.0,16.0,24.4,21.6,18.0,16.0,77.27272727272727%,75.0%
103,2011-03-05,15:15,Leicester,14,Saracens,15,Welford Road,N/A,29,A,Mar,2011,2010-11,23.09,18.39,41.47,25.17,23.01,23.46,29.71,29.24,17.6,18.59,18.07,18.75,21.71,42.77,41.59,41.53,48.46,31.0,24.08,29.69,29.71,20.25,30.0,23.38,20.83,26.67,25.5,34.6,21.6,22.33,29.0,72.0%,75.0%
104,2011-05-28,15:00,Leicester,18,Saracens,22,Twickenham Stadium,Wayne Barnes,40,A,May,2011,2010-11,23.09,18.39,41.47,28.28,23.01,23.46,22.0,29.24,16.17,18.59,18.07,24.33,21.71,44.44,41.59,41.53,46.33,22.6,24.08,29.69,18.0,20.25,17.67,23.38,20.83,19.0,25.5,34.6,21.6,22.33,29.0,72.0%,75.0%
105,2011-09-24,14:30,Leicester,25,Saracens,50,Welford Road,Greg Garner,75,A,Sep,2011,2011-12,23.09,18.39,41.47,25.45,23.01,22.71,29.71,29.24,19.71,18.59,18.7,18.75,21.71,45.16,41.59,41.41,48.46,34.5,24.08,28.75,29.71,20.25,30.0,23.38,22.58,26.67,25.5,34.6,21.6,22.33,29.0,72.0%,75.0%
106,2012-05-12,17:30,Leicester,24,Saracens,15,Welford Road,Dave Pearson (England),39,H,May,2012,2011-12,23.09,18.39,41.47,28.28,22.66,22.71,29.71,29.24,16.17,18.27,18.7,18.75,21.71,44.44,40.93,41.41,48.46,22.6,31.43,28.75,29.71,20.25,17.67,21.67,22.58,26.67,25.5,34.6,21.6,22.33,29.0,72.0%,75.0%
107,2010-11-21,16:15,Bath,13,Saracens,17,Recreation Ground,N/A,30,A,Nov,2010,2010-11,23.09,18.39,41.47,22.12,23.75,23.46,20.5,20.5,16.88,18.05,18.07,17.64,21.71,39.0,41.8,41.53,38.14,10.67,14.6,20.0,20.5,19.5,12.67,17.4,20.83,22.5,22.5,20.0,21.6,19.5,22.5,59.09090909090909%,75.0%
108,2011-09-10,15:15,Bath,26,Saracens,28,Recreation Ground,Greg Garner,54,A,Sep,2011,2011-12,23.09,18.39,41.47,25.45,23.01,22.71,20.5,20.5,19.71,18.59,18.7,17.64,21.71,45.16,41.59,41.41,38.14,25.0,22.55,21.0,20.5,19.5,30.0,23.38,22.58,22.5,22.5,20.0,21.6,19.5,22.5,59.09090909090909%,75.0%
109,2011-05-07,15:00,Harlequins,13,Saracens,16,Twickenham Stoop,Tim Wigglesworth,29,A,May,2011,2010-11,23.09,18.39,41.47,28.28,23.01,23.46,27.52,26.96,16.17,18.59,18.07,16.33,21.71,44.44,41.59,41.53,43.86,22.67,27.45,25.55,27.52,12.0,17.67,23.38,20.83,16.0,17.5,27.0,21.6,12.0,17.5,75.0%,75.0%
110,2011-12-27,16:30,Harlequins,11,Saracens,19,Twickenham Stadium,Wayne Barnes,30,A,Dec,2011,2011-12,23.09,18.39,41.47,21.9,23.01,22.71,22.0,26.96,18.0,18.59,18.7,24.33,21.71,39.9,41.59,41.41,46.33,19.5,27.45,28.15,23.0,12.0,19.0,23.38,22.58,19.0,17.5,27.0,21.6,12.0,17.5,75.0%,75.0%
111,2012-02-24,19:45,Worcester,16,Saracens,11,Sixways,N/A,27,H,Feb,2012,2011-12,23.09,18.39,41.47,19.94,22.66,22.71,16.64,16.64,16.39,18.27,18.7,16.0,21.71,36.33,40.93,41.41,32.64,16.0,19.6,16.64,16.64,16.0,22.0,21.67,22.58,11.0,11.0,19.6,21.6,16.0,11.0,54.54545454545454%,75.0%
112,2010-10-22,20:00,Newcastle,13,Saracens,15,Kingston Park,N/A,28,A,Oct,2010,2010-11,23.09,18.39,41.47,21.63,23.75,23.46,16.73,16.73,18.66,18.05,18.07,19.5,21.71,40.29,41.8,41.53,36.23,14.0,16.5,18.09,16.73,8.0,17.0,17.4,20.83,12.0,12.0,12.6,21.6,8.0,12.0,31.818181818181817%,75.0%
113,2012-04-20,19:45,Newcastle,3,Saracens,9,Kingston Park,N/A,12,A,Apr,2012,2011-12,23.09,18.39,41.47,23.0,22.66,22.71,16.73,16.73,23.36,18.27,18.7,19.5,21.71,46.36,40.93,41.41,36.23,14.2,12.6,15.36,16.73,8.0,23.33,21.67,22.58,12.0,12.0,12.6,21.6,8.0,12.0,31.818181818181817%,75.0%
114,2011-02-11,19:45,Sale,7,Bath,19,Edgeley Park,N/A,26,A,Feb,2011,2010-11,23.09,18.39,41.47,19.94,23.01,23.46,21.29,21.23,16.39,18.59,18.07,22.81,15.5,36.33,41.59,41.53,44.1,21.0,21.62,21.45,21.29,11.5,14.33,17.62,18.82,14.0,14.0,19.2,9.8,11.5,14.0,54.54545454545454%,40.909090909090914%
115,2012-04-13,19:45,Sale,16,Bath,9,Edgeley Park,Greg Garner,25,H,Apr,2012,2011-12,23.09,18.39,41.47,23.0,22.66,22.71,21.29,21.23,23.36,18.27,18.7,22.81,15.5,46.36,40.93,41.41,44.1,24.0,19.2,21.0,21.29,11.5,18.75,9.8,12.18,14.0,14.0,19.2,9.8,11.5,14.0,54.54545454545454%,40.909090909090914%
116,2011-02-26,15:00,Exeter,9,Bath,12,Sandy Park,N/A,21,A,Feb,2011,2010-11,23.09,18.39,41.47,19.94,23.01,23.46,18.45,18.45,16.39,18.59,18.07,14.0,15.5,36.33,41.59,41.53,32.45,14.25,18.0,18.09,18.45,9.0,14.33,17.62,18.82,12.0,12.0,19.6,9.8,9.0,12.0,59.09090909090909%,40.909090909090914%
117,2012-02-25,18:00,Exeter,9,Bath,12,Sandy Park,N/A,21,A,Feb,2012,2011-12,23.09,18.39,41.47,19.94,22.66,22.71,18.45,18.45,16.39,18.27,18.7,14.0,15.5,36.33,40.93,41.41,32.45,14.25,19.6,18.82,18.45,9.0,14.33,9.8,12.18,12.0,12.0,19.6,9.8,9.0,12.0,59.09090909090909%,40.909090909090914%
118,2011-04-23,17:30,Wasps,10,Bath,43,Twickenham Stadium,Wayne Barnes,53,A,Apr,2011,2010-11,23.09,18.39,41.47,23.0,23.01,23.46,22.0,21.64,23.36,18.59,18.07,24.33,15.5,46.36,41.59,41.53,46.33,29.0,23.64,25.82,19.5,18.5,18.75,17.62,18.82,43.0,33.5,16.6,9.8,18.5,33.5,45.45454545454545%,40.909090909090914%
119,2011-10-09,15:00,Wasps,27,Bath,24,Adams Park,Andrew Small,51,H,Oct,2011,2011-12,23.09,18.39,41.47,21.63,23.01,22.71,21.85,21.64,18.66,18.59,18.7,21.1,15.5,40.29,41.59,41.41,42.95,18.5,23.64,17.45,21.85,18.5,14.5,17.62,12.18,24.0,33.5,16.6,9.8,18.5,33.5,45.45454545454545%,40.909090909090914%
120,2011-01-01,15:00,London Irish,24,Bath,25,Madejski Stadium,N/A,49,A,Jan,2011,2010-11,23.09,18.39,41.47,20.45,23.01,23.46,27.95,28.0,15.05,18.59,18.07,21.65,15.5,35.5,41.59,41.53,49.6,22.5,26.67,26.82,27.95,18.0,22.0,17.62,18.82,19.0,19.0,29.4,9.8,18.0,19.0,63.63636363636363%,40.909090909090914%
121,2011-10-29,14:30,London Irish,12,Bath,13,Madejski Stadium,N/A,25,A,Oct,2011,2011-12,23.09,18.39,41.47,21.63,23.01,22.71,27.95,28.0,18.66,18.59,18.7,21.65,15.5,40.29,41.59,41.41,49.6,33.25,26.67,29.18,27.95,18.0,14.5,17.62,12.18,19.0,19.0,29.4,9.8,18.0,19.0,63.63636363636363%,40.909090909090914%
122,2010-09-17,19:45,Northampton,31,Bath,10,Franklin's Gardens,Chris White,41,H,Sep,2010,2010-11,23.09,18.39,41.47,25.45,23.75,23.46,28.73,28.73,19.71,18.05,18.07,16.41,15.5,45.16,41.8,41.53,45.14,24.25,30.8,29.18,28.73,26.5,17.5,15.75,18.82,11.5,11.5,28.6,9.8,26.5,11.5,77.27272727272727%,40.909090909090914%
123,2011-12-24,15:15,Northampton,22,Bath,13,Franklin's Gardens,N/A,35,H,Dec,2011,2011-12,23.09,18.39,41.47,21.9,23.01,22.71,28.73,28.73,18.0,18.59,18.7,16.41,15.5,39.9,41.59,41.41,45.14,22.0,27.92,28.27,28.73,26.5,13.0,17.62,12.18,11.5,11.5,28.6,9.8,26.5,11.5,77.27272727272727%,40.909090909090914%
124,2010-09-05,15:00,Leeds,16,Bath,32,Headingley,N/A,48,A,Sep,2010,2010-11,23.09,18.39,41.47,25.45,23.75,23.46,12.73,12.73,19.71,18.05,18.07,21.18,15.5,45.16,41.8,41.53,33.91,15.0,10.25,12.73,12.73,16.0,17.5,15.75,18.82,32.0,32.0,15.0,9.8,16.0,32.0,27.27272727272727%,40.909090909090914%
125,2011-03-05,15:00,Gloucester,34,Bath,22,Kingsholm,N/A,56,H,Mar,2011,2010-11,23.09,18.39,41.47,25.17,23.01,23.46,27.95,27.95,17.6,18.59,18.07,18.5,15.5,42.77,41.59,41.53,46.45,30.5,31.5,30.73,27.95,28.5,14.0,17.62,18.82,14.0,14.0,24.4,9.8,28.5,14.0,77.27272727272727%,40.909090909090914%
126,2011-09-24,15:00,Gloucester,23,Bath,6,Kingsholm,N/A,29,H,Sep,2011,2011-12,23.09,18.39,41.47,25.45,23.01,22.71,27.95,27.95,19.71,18.59,18.7,18.5,15.5,45.16,41.59,41.41,46.45,24.0,31.5,25.18,27.95,28.5,17.5,17.62,12.18,14.0,14.0,24.4,9.8,28.5,14.0,77.27272727272727%,40.909090909090914%
127,2010-10-23,14:30,Leicester,21,Bath,15,Welford Road,N/A,36,H,Oct,2010,2010-11,23.09,18.39,41.47,21.63,23.75,23.46,29.71,29.24,18.66,18.05,18.07,18.75,15.5,40.29,41.8,41.53,48.46,19.5,37.0,29.69,29.71,24.5,14.5,15.75,18.82,9.0,9.0,34.6,9.8,24.5,9.0,72.0%,40.909090909090914%
128,2012-05-05,14:00,Leicester,28,Bath,3,Welford Road,Dean Richards,31,H,May,2012,2011-12,23.09,18.39,41.47,28.28,22.66,22.71,29.71,29.24,16.17,18.27,18.7,18.75,15.5,44.44,40.93,41.41,48.46,22.6,31.43,28.75,29.71,24.5,3.0,9.8,12.18,9.0,9.0,34.6,9.8,24.5,9.0,72.0%,40.909090909090914%
129,2010-10-31,15:00,Harlequins,6,Bath,6,Twickenham Stoop,Sean Davey,12,D,Oct,2010,2010-11,23.09,18.39,41.47,21.63,23.75,23.46,27.52,26.96,18.66,18.05,18.07,16.33,15.5,40.29,41.8,41.53,43.86,24.0,27.33,25.55,27.52,10.0,14.5,15.75,18.82,6.0,6.0,27.0,9.8,10.0,6.0,75.0%,40.909090909090914%
130,2012-03-24,14:15,Harlequins,14,Bath,6,Twickenham Stoop,Wayne Barnes,20,H,Mar,2012,2011-12,23.09,18.39,41.47,25.17,22.66,22.71,27.52,26.96,17.6,18.27,18.7,16.33,15.5,42.77,40.93,41.41,43.86,33.5,25.86,28.15,27.52,10.0,14.0,9.8,12.18,6.0,6.0,27.0,9.8,10.0,6.0,75.0%,40.909090909090914%
131,2011-04-03,15:00,Saracens,20,Bath,9,Vicarage Road,Nigel Owens,29,H,Apr,2011,2010-11,23.09,18.39,41.47,23.0,23.01,23.46,22.7,21.78,23.36,18.59,18.07,12.65,15.5,46.36,41.59,41.53,35.35,27.5,21.64,22.33,22.7,23.0,18.75,17.62,18.82,14.0,14.0,24.4,9.8,23.0,14.0,78.26086956521739%,40.909090909090914%
132,2012-01-08,15:00,Saracens,26,Bath,19,Vicarage Road,N/A,45,H,Jan,2012,2011-12,23.09,18.39,41.47,20.45,22.66,22.71,22.7,21.78,15.05,18.27,18.7,12.65,15.5,35.5,40.93,41.41,35.35,17.67,22.83,21.18,22.7,23.0,22.0,9.8,12.18,14.0,14.0,24.4,9.8,23.0,14.0,78.26086956521739%,40.909090909090914%
133,2011-11-25,19:45,Worcester,16,Bath,7,Sixways,Martin Fox,23,H,Nov,2011,2011-12,23.09,18.39,41.47,22.12,23.01,22.71,16.64,16.64,16.88,18.59,18.7,16.0,15.5,39.0,41.59,41.41,32.64,16.0,14.17,16.64,16.64,16.0,7.0,17.62,12.18,7.0,7.0,19.6,9.8,16.0,7.0,54.54545454545454%,40.909090909090914%
134,2011-04-30,16:00,Newcastle,11,Bath,14,Kingston Park,N/A,25,A,Apr,2011,2010-11,23.09,18.39,41.47,23.0,23.01,23.46,16.73,16.73,23.36,18.59,18.07,19.5,15.5,46.36,41.59,41.53,36.23,14.2,18.38,18.09,16.73,10.0,18.75,17.62,18.82,18.0,18.0,12.6,9.8,10.0,18.0,31.818181818181817%,40.909090909090914%
135,2011-09-03,18:30,Newcastle,9,Bath,22,Kingston Park,Martin Fox,31,A,Sep,2011,2011-12,23.09,18.39,41.47,25.45,23.01,22.71,16.73,16.73,19.71,18.59,18.7,19.5,15.5,45.16,41.59,41.41,36.23,19.0,18.38,15.36,16.73,10.0,17.5,17.62,12.18,18.0,18.0,12.6,9.8,10.0,18.0,31.818181818181817%,40.909090909090914%
136,2011-02-25,19:45,Sale,16,Leicester,18,Edgeley Park,N/A,34,A,Feb,2011,2010-11,23.09,18.39,41.47,19.94,23.01,23.46,21.29,21.23,16.39,18.59,18.07,22.81,25.04,36.33,41.59,41.53,44.1,21.0,21.62,21.45,21.29,14.5,16.0,24.92,21.55,26.0,26.0,19.2,32.4,14.5,26.0,54.54545454545454%,65.21739130434783%
137,2011-10-28,19:45,Sale,13,Leicester,34,Edgeley Park,Andrew Small,47,A,Oct,2011,2011-12,23.09,18.39,41.47,21.63,23.01,22.71,21.29,21.23,18.66,18.59,18.7,22.81,25.04,40.29,41.59,41.41,44.1,16.67,21.62,21.0,21.29,14.5,22.75,24.92,28.25,26.0,26.0,19.2,32.4,14.5,26.0,54.54545454545454%,65.21739130434783%
138,2011-01-02,16:15,Exeter,15,Leicester,22,Sandy Park,N/A,37,A,Jan,2011,2010-11,23.09,18.39,41.47,20.45,23.01,23.46,18.45,18.45,15.05,18.59,18.07,14.0,25.04,35.5,41.59,41.53,32.45,15.0,18.0,18.09,18.45,17.0,22.0,24.92,21.55,16.5,16.5,19.6,32.4,17.0,16.5,59.09090909090909%,65.21739130434783%
139,2012-02-11,18:00,Exeter,19,Leicester,11,Sandy Park,Sean Davey,30,H,Feb,2012,2011-12,23.09,18.39,41.47,19.94,22.66,22.71,18.45,18.45,16.39,18.27,18.7,14.0,25.04,36.33,40.93,41.41,32.45,14.25,19.6,18.82,18.45,17.0,16.0,28.83,28.25,16.5,16.5,19.6,32.4,17.0,16.5,59.09090909090909%,65.21739130434783%
140,2010-09-18,15:05,Wasps,37,Leicester,30,Adams Park,Wayne Barnes,67,H,Sep,2010,2010-11,23.09,18.39,41.47,25.45,23.75,23.46,21.85,21.64,19.71,18.05,18.07,21.1,25.04,45.16,41.8,41.53,42.95,29.75,26.6,25.82,21.85,36.0,26.25,20.8,21.55,29.5,29.5,16.6,32.4,36.0,29.5,45.45454545454545%,65.21739130434783%
141,2011-09-11,14:15,Wasps,35,Leicester,29,Adams Park,Andrew Small,64,H,Sep,2011,2011-12,23.09,18.39,41.47,25.45,23.01,22.71,21.85,21.64,19.71,18.59,18.7,21.1,25.04,45.16,41.59,41.41,42.95,29.75,23.64,17.45,21.85,36.0,26.25,24.92,28.25,29.5,29.5,16.6,32.4,36.0,29.5,45.45454545454545%,65.21739130434783%
142,2010-12-04,15:00,London Irish,14,Leicester,23,Madejski Stadium,N/A,37,A,Dec,2010,2010-11,23.09,18.39,41.47,21.9,23.75,23.46,27.95,28.0,18.0,18.05,18.07,21.65,25.04,39.9,41.8,41.53,49.6,21.5,29.8,26.82,27.95,23.0,27.5,20.8,21.55,32.0,32.0,29.4,32.4,23.0,32.0,63.63636363636363%,65.21739130434783%
143,2012-03-25,15:00,London Irish,32,Leicester,41,Madejski Stadium,Dean Richards,73,A,Mar,2012,2011-12,23.09,18.39,41.47,25.17,22.66,22.71,27.95,28.0,17.6,18.27,18.7,21.65,25.04,42.77,40.93,41.41,49.6,35.5,29.4,29.18,27.95,23.0,39.0,28.83,28.25,32.0,32.0,29.4,32.4,23.0,32.0,63.63636363636363%,65.21739130434783%
144,2010-09-05,15:00,Northampton,27,Leicester,19,Franklin's Gardens,Dave Pearson,46,H,Sep,2010,2010-11,23.09,18.39,41.47,25.45,23.75,23.46,28.73,28.73,19.71,18.05,18.07,16.41,25.04,45.16,41.8,41.53,45.14,24.25,30.8,29.18,28.73,24.0,26.25,20.8,21.55,27.0,27.0,28.6,32.4,24.0,27.0,77.27272727272727%,65.21739130434783%
145,2012-04-14,14:15,Northampton,21,Leicester,35,Franklin's Gardens,Dave Pearson,56,A,Apr,2012,2011-12,23.09,18.39,41.47,23.0,22.66,22.71,28.73,28.73,23.36,18.27,18.7,16.41,25.04,46.36,40.93,41.41,45.14,37.0,28.6,28.27,28.73,24.0,29.75,28.83,28.25,27.0,27.0,28.6,32.4,24.0,27.0,77.27272727272727%,65.21739130434783%
146,2011-02-13,15:00,Leeds,9,Leicester,15,Headingley,N/A,24,A,Feb,2011,2010-11,23.09,18.39,41.47,19.94,23.01,23.46,12.73,12.73,16.39,18.59,18.07,21.18,25.04,36.33,41.59,41.53,33.91,7.0,14.14,12.73,12.73,9.0,16.0,24.92,21.55,15.0,15.0,15.0,32.4,9.0,15.0,27.27272727272727%,65.21739130434783%
147,2010-10-30,17:30,Gloucester,19,Leicester,12,Kingsholm,Wayne Barnes,31,H,Oct,2010,2010-11,23.09,18.39,41.47,21.63,23.75,23.46,27.95,27.95,18.66,18.05,18.07,18.5,25.04,40.29,41.8,41.53,46.45,25.5,23.0,30.73,27.95,16.5,22.75,20.8,21.55,15.5,15.5,24.4,32.4,16.5,15.5,77.27272727272727%,65.21739130434783%
148,2011-11-26,14:15,Gloucester,14,Leicester,19,Kingsholm,N/A,33,A,Nov,2011,2011-12,23.09,18.39,41.47,22.12,23.01,22.71,27.95,27.95,16.88,18.59,18.7,18.5,25.04,39.0,41.59,41.41,46.45,16.5,31.5,25.18,27.95,16.5,19.0,24.92,28.25,15.5,15.5,24.4,32.4,16.5,15.5,77.27272727272727%,65.21739130434783%
149,2011-03-26,16:30,Bath,6,Leicester,37,Recreation Ground,N/A,43,A,Mar,2011,2010-11,23.09,18.39,41.47,25.17,23.01,23.46,20.5,20.5,17.6,18.59,18.07,17.64,25.04,42.77,41.59,41.53,38.14,16.0,22.55,20.0,20.5,16.0,39.0,24.92,21.55,31.0,31.0,20.0,32.4,16.0,31.0,59.09090909090909%,65.21739130434783%
150,2011-10-01,15:15,Bath,26,Leicester,25,Recreation Ground,Tim Wigglesworth,51,H,Oct,2011,2011-12,23.09,18.39,41.47,21.63,23.01,22.71,20.5,20.5,18.66,18.59,18.7,17.64,25.04,40.29,41.59,41.41,38.14,14.5,22.55,21.0,20.5,16.0,22.75,24.92,28.25,31.0,31.0,20.0,32.4,16.0,31.0,59.09090909090909%,65.21739130434783%
151,2011-04-02,17:30,Harlequins,13,Leicester,17,Twickenham Stoop,Wayne Barnes,30,A,Apr,2011,2010-11,23.09,18.39,41.47,23.0,23.01,23.46,27.52,26.96,23.36,18.59,18.07,16.33,25.04,46.36,41.59,41.53,43.86,26.33,27.45,25.55,27.52,25.33,29.75,24.92,21.55,30.0,27.67,27.0,32.4,25.33,27.67,75.0%,65.21739130434783%
152,2012-04-21,15:15,Harlequins,33,Leicester,43,Twickenham Stoop,Wayne Barnes,76,A,Apr,2012,2011-12,23.09,18.39,41.47,23.0,22.66,22.71,27.52,26.96,23.36,18.27,18.7,16.33,25.04,46.36,40.93,41.41,43.86,26.33,25.86,28.15,27.52,25.33,29.75,28.83,28.25,30.0,27.67,27.0,32.4,25.33,27.67,75.0%,65.21739130434783%
153,2012-05-26,15:00,Harlequins,30,Leicester,23,Twickenham Stadium,Wayne Barnes,53,H,May,2012,2011-12,23.09,18.39,41.47,28.28,22.66,22.71,22.0,26.96,16.17,18.27,18.7,24.33,25.04,44.44,40.93,41.41,46.33,22.67,25.86,28.15,23.0,25.33,23.0,28.83,28.25,23.0,27.67,27.0,32.4,25.33,27.67,75.0%,65.21739130434783%
154,2010-10-03,16:30,Saracens,26,Leicester,20,Vicarage Road,N/A,46,H,Oct,2010,2010-11,23.09,18.39,41.47,21.63,23.75,23.46,22.7,21.78,18.66,18.05,18.07,12.65,25.04,40.29,41.8,41.53,35.35,20.0,21.0,22.33,22.7,22.5,22.75,20.8,21.55,20.0,20.0,24.4,32.4,22.5,20.0,78.26086956521739%,65.21739130434783%
155,2012-02-19,14:30,Saracens,19,Leicester,20,Vicarage Road,Andrew Small,39,A,Feb,2012,2011-12,23.09,18.39,41.47,19.94,22.66,22.71,22.7,21.78,16.39,18.27,18.7,12.65,25.04,36.33,40.93,41.41,35.35,29.0,22.83,21.18,22.7,22.5,16.0,28.83,28.25,20.0,20.0,24.4,32.4,22.5,20.0,78.26086956521739%,65.21739130434783%
156,2011-12-27,14:00,Worcester,13,Leicester,32,Sixways,N/A,45,A,Dec,2011,2011-12,23.09,18.39,41.47,21.9,23.01,22.71,16.64,16.64,18.0,18.59,18.7,16.0,25.04,39.9,41.59,41.41,32.64,13.0,14.17,16.64,16.64,13.0,27.5,24.92,28.25,32.0,32.0,19.6,32.4,13.0,32.0,54.54545454545454%,65.21739130434783%
157,2011-04-22,18:00,Newcastle,13,Leicester,24,Kingston Park,Tim Wigglesworth,37,A,Apr,2011,2010-11,23.09,18.39,41.47,23.0,23.01,23.46,16.73,16.73,23.36,18.59,18.07,19.5,25.04,46.36,41.59,41.53,36.23,14.2,18.38,18.09,16.73,19.5,29.75,24.92,21.55,25.5,25.5,12.6,32.4,19.5,25.5,31.818181818181817%,65.21739130434783%
158,2011-09-17,15:05,Newcastle,26,Leicester,27,Kingston Park,N/A,53,A,Sep,2011,2011-12,23.09,18.39,41.47,25.45,23.01,22.71,16.73,16.73,19.71,18.59,18.7,19.5,25.04,45.16,41.59,41.41,36.23,19.0,18.38,15.36,16.73,19.5,26.25,24.92,28.25,25.5,25.5,12.6,32.4,19.5,25.5,31.818181818181817%,65.21739130434783%
159,2011-03-25,19:45,Sale,15,Leeds,12,Edgeley Park,N/A,27,H,Mar,2011,2010-11,23.09,18.39,41.47,25.17,23.01,23.46,21.29,21.23,17.6,18.59,18.07,22.81,15.91,42.77,41.59,41.53,44.1,12.0,21.62,21.45,21.29,15.0,12.0,16.17,15.91,12.0,12.0,19.2,16.8,15.0,12.0,54.54545454545454%,9.090909090909092%
160,2010-11-20,15:00,Exeter,15,Leeds,9,Sandy Park,N/A,24,H,Nov,2010,2010-11,23.09,18.39,41.47,22.12,23.75,23.46,18.45,18.45,16.88,18.05,18.07,14.0,15.91,39.0,41.8,41.53,32.45,19.33,18.4,18.09,18.45,15.0,13.5,15.6,15.91,9.0,9.0,19.6,16.8,15.0,9.0,59.09090909090909%,9.090909090909092%
161,2011-04-17,15:00,Wasps,51,Leeds,18,Adams Park,N/A,69,H,Apr,2011,2010-11,23.09,18.39,41.47,23.0,23.01,23.46,21.85,21.64,23.36,18.59,18.07,21.1,15.91,46.36,41.59,41.53,42.95,29.0,23.64,25.82,21.85,51.0,24.0,16.17,15.91,18.0,18.0,16.6,16.8,51.0,18.0,45.45454545454545%,9.090909090909092%
162,2010-10-02,15:00,London Irish,40,Leeds,24,Madejski Stadium,N/A,64,H,Oct,2010,2010-11,23.09,18.39,41.47,21.63,23.75,23.46,27.95,28.0,18.66,18.05,18.07,21.65,15.91,40.29,41.8,41.53,49.6,33.25,29.8,26.82,27.95,40.0,24.0,15.6,15.91,24.0,24.0,29.4,16.8,40.0,24.0,63.63636363636363%,9.090909090909092%
163,2011-05-07,15:00,Northampton,31,Leeds,24,Franklin's Gardens,Andrew Small,55,H,May,2011,2010-11,23.09,18.39,41.47,28.28,23.01,23.46,28.73,28.73,16.17,18.59,18.07,16.41,15.91,44.44,41.59,41.53,45.14,36.5,27.92,29.18,28.73,31.0,24.0,16.17,15.91,24.0,24.0,28.6,16.8,31.0,24.0,77.27272727272727%,9.090909090909092%
164,2010-09-11,15:00,Gloucester,22,Leeds,21,Kingsholm,N/A,43,H,Sep,2010,2010-11,23.09,18.39,41.47,25.45,23.75,23.46,27.95,27.95,19.71,18.05,18.07,18.5,15.91,45.16,41.8,41.53,46.45,24.0,23.0,30.73,27.95,22.0,13.5,15.6,15.91,21.0,21.0,24.4,16.8,22.0,21.0,77.27272727272727%,9.090909090909092%
165,2010-09-25,15:00,Leicester,48,Leeds,6,Welford Road,N/A,54,H,Sep,2010,2010-11,23.09,18.39,41.47,25.45,23.75,23.46,29.71,29.24,19.71,18.05,18.07,18.75,15.91,45.16,41.8,41.53,48.46,34.5,37.0,29.69,29.71,48.0,13.5,15.6,15.91,6.0,6.0,34.6,16.8,48.0,6.0,72.0%,9.090909090909092%
166,2011-01-08,14:15,Bath,16,Leeds,13,Recreation Ground,N/A,29,H,Jan,2011,2010-11,23.09,18.39,41.47,20.45,23.01,23.46,20.5,20.5,15.05,18.59,18.07,17.64,15.91,35.5,41.59,41.53,38.14,23.0,22.55,20.0,20.5,16.0,13.0,16.17,15.91,13.0,13.0,20.0,16.8,16.0,13.0,59.09090909090909%,9.090909090909092%
167,2010-11-28,15:00,Harlequins,51,Leeds,18,Twickenham Stoop,N/A,69,H,Nov,2010,2010-11,23.09,18.39,41.47,22.12,23.75,23.46,27.52,26.96,16.88,18.05,18.07,16.33,15.91,39.0,41.8,41.53,43.86,45.0,27.33,25.55,27.52,51.0,13.5,15.6,15.91,18.0,18.0,27.0,16.8,51.0,18.0,75.0%,9.090909090909092%
168,2011-02-20,15:00,Saracens,39,Leeds,0,Vicarage Road,N/A,39,H,Feb,2011,2010-11,23.09,18.39,41.47,19.94,23.01,23.46,22.7,21.78,16.39,18.59,18.07,12.65,15.91,36.33,41.59,41.53,35.35,29.0,21.64,22.33,22.7,39.0,0.0,16.17,15.91,0.0,0.0,24.4,16.8,39.0,0.0,78.26086956521739%,9.090909090909092%
169,2011-04-09,15:00,Newcastle,29,Leeds,30,Kingston Park,N/A,59,A,Apr,2011,2010-11,23.09,18.39,41.47,23.0,23.01,23.46,16.73,16.73,23.36,18.59,18.07,19.5,15.91,46.36,41.59,41.53,36.23,14.2,18.38,18.09,16.73,29.0,24.0,16.17,15.91,30.0,30.0,12.6,16.8,29.0,30.0,31.818181818181817%,9.090909090909092%
170,2011-04-08,19:45,Sale,36,Gloucester,31,Edgeley Park,N/A,67,H,Apr,2011,2010-11,23.09,18.39,41.47,23.0,23.01,23.46,21.29,21.23,23.36,18.59,18.07,22.81,16.48,46.36,41.59,41.53,44.1,24.0,21.62,21.45,21.29,24.5,27.0,18.46,16.67,21.0,21.0,19.2,14.8,24.5,21.0,54.54545454545454%,21.73913043478261%
171,2011-10-08,15:00,Sale,13,Gloucester,11,Edgeley Park,Sean Davey,24,H,Oct,2011,2011-12,23.09,18.39,41.47,21.63,23.01,22.71,21.29,21.23,18.66,18.59,18.7,22.81,16.48,40.29,41.59,41.41,44.1,16.67,21.62,21.0,21.29,24.5,14.5,18.46,16.27,21.0,21.0,19.2,14.8,24.5,21.0,54.54545454545454%,21.73913043478261%
172,2010-09-04,15:00,Exeter,22,Gloucester,10,Sandy Park,Rob Debney,32,H,Sep,2010,2010-11,23.09,18.39,41.47,25.45,23.75,23.46,18.45,18.45,19.71,18.05,18.07,14.0,16.48,45.16,41.8,41.53,32.45,24.25,18.4,18.09,18.45,20.5,14.0,12.5,16.67,17.0,17.0,19.6,14.8,20.5,17.0,59.09090909090909%,21.73913043478261%
173,2011-11-05,15:00,Exeter,19,Gloucester,24,Sandy Park,Andrew Small,43,A,Nov,2011,2011-12,23.09,18.39,41.47,22.12,23.01,22.71,18.45,18.45,16.88,18.59,18.7,14.0,16.48,39.0,41.59,41.41,32.45,19.33,18.0,18.82,18.45,20.5,15.0,18.46,16.27,17.0,17.0,19.6,14.8,20.5,17.0,59.09090909090909%,21.73913043478261%
174,2011-02-13,17:00,Wasps,9,Gloucester,10,Adams Park,N/A,19,A,Feb,2011,2010-11,23.09,18.39,41.47,19.94,23.01,23.46,21.85,21.64,16.39,18.59,18.07,21.1,16.48,36.33,41.59,41.53,42.95,13.25,23.64,25.82,21.85,17.5,14.0,18.46,16.67,17.0,17.0,16.6,14.8,17.5,17.0,45.45454545454545%,21.73913043478261%
175,2012-04-01,15:00,Wasps,26,Gloucester,24,Adams Park,N/A,50,H,Apr,2012,2011-12,23.09,18.39,41.47,23.0,22.66,22.71,21.85,21.64,23.36,18.27,18.7,21.1,16.48,46.36,40.93,41.41,42.95,29.0,13.83,17.45,21.85,17.5,27.0,14.83,16.27,17.0,17.0,16.6,14.8,17.5,17.0,45.45454545454545%,21.73913043478261%
176,2010-09-19,15:00,London Irish,23,Gloucester,16,Madejski Stadium,Dean Richards,39,H,Sep,2010,2010-11,23.09,18.39,41.47,25.45,23.75,23.46,27.95,28.0,19.71,18.05,18.07,21.65,16.48,45.16,41.8,41.53,49.6,31.5,29.8,26.82,27.95,37.5,14.0,12.5,16.67,17.0,17.0,29.4,14.8,37.5,17.0,63.63636363636363%,21.73913043478261%
177,2012-05-05,14:00,London Irish,52,Gloucester,18,Madejski Stadium,Dave Pearson,70,H,May,2012,2011-12,23.09,18.39,41.47,28.28,22.66,22.71,27.95,28.0,16.17,18.27,18.7,21.65,16.48,44.44,40.93,41.41,49.6,52.0,29.4,29.18,27.95,37.5,14.0,14.83,16.27,17.0,17.0,29.4,14.8,37.5,17.0,63.63636363636363%,21.73913043478261%
178,2011-02-26,15:00,Northampton,16,Gloucester,18,Franklin's Gardens,N/A,34,A,Feb,2011,2010-11,23.09,18.39,41.47,19.94,23.01,23.46,28.73,28.73,16.39,18.59,18.07,16.41,16.48,36.33,41.59,41.53,45.14,18.33,27.92,29.18,28.73,21.0,14.0,18.46,16.67,21.0,21.0,28.6,14.8,21.0,21.0,77.27272727272727%,21.73913043478261%
179,2011-09-04,15:30,Northampton,26,Gloucester,24,Franklin's Gardens,Andrew Small,50,H,Sep,2011,2011-12,23.09,18.39,41.47,25.45,23.01,22.71,28.73,28.73,19.71,18.59,18.7,16.41,16.48,45.16,41.59,41.41,45.14,24.25,27.92,28.27,28.73,21.0,14.0,18.46,16.27,21.0,21.0,28.6,14.8,21.0,21.0,77.27272727272727%,21.73913043478261%
180,2011-01-01,15:00,Leeds,15,Gloucester,13,Headingley,N/A,28,H,Jan,2011,2010-11,23.09,18.39,41.47,20.45,23.01,23.46,12.73,12.73,15.05,18.59,18.07,21.18,16.48,35.5,41.59,41.53,33.91,15.0,14.14,12.73,12.73,15.0,14.33,18.46,16.67,13.0,13.0,15.0,14.8,15.0,13.0,27.27272727272727%,21.73913043478261%
181,2011-04-16,15:00,Leicester,41,Gloucester,41,Welford Road,George Clancy,82,D,Apr,2011,2010-11,23.09,18.39,41.47,23.0,23.01,23.46,29.71,29.24,23.36,18.59,18.07,18.75,16.48,46.36,41.59,41.53,48.46,41.0,24.08,29.69,29.71,38.5,27.0,18.46,16.67,22.0,22.0,34.6,14.8,38.5,22.0,72.0%,21.73913043478261%
182,2012-03-04,13:00,Leicester,36,Gloucester,3,Welford Road,Tim Wigglesworth,39,H,Mar,2012,2011-12,23.09,18.39,41.47,25.17,22.66,22.71,29.71,29.24,17.6,18.27,18.7,18.75,16.48,42.77,40.93,41.41,48.46,31.0,31.43,28.75,29.71,38.5,9.0,14.83,16.27,22.0,22.0,34.6,14.8,38.5,22.0,72.0%,21.73913043478261%
183,2010-10-01,20:05,Bath,3,Gloucester,18,Recreation Ground,N/A,21,A,Oct,2010,2010-11,23.09,18.39,41.47,21.63,23.75,23.46,20.5,20.5,18.66,18.05,18.07,17.64,16.48,40.29,41.8,41.53,38.14,14.5,14.6,20.0,20.5,7.0,14.5,12.5,16.67,16.0,16.0,20.0,14.8,7.0,16.0,59.09090909090909%,21.73913043478261%
184,2012-02-18,14:30,Bath,11,Gloucester,14,Recreation Ground,Wayne Barnes,25,A,Feb,2012,2011-12,23.09,18.39,41.47,19.94,22.66,22.71,20.5,20.5,16.39,18.27,18.7,17.64,16.48,36.33,40.93,41.41,38.14,26.33,21.67,21.0,20.5,7.0,14.0,14.83,16.27,16.0,16.0,20.0,14.8,7.0,16.0,59.09090909090909%,21.73913043478261%
185,2011-03-26,15:00,Harlequins,53,Gloucester,15,Twickenham Stoop,N/A,68,H,Mar,2011,2010-11,23.09,18.39,41.47,25.17,23.01,23.46,27.52,26.96,17.6,18.59,18.07,16.33,16.48,42.77,41.59,41.53,43.86,33.5,27.45,25.55,27.52,47.5,9.0,18.46,16.67,10.5,10.5,27.0,14.8,47.5,10.5,75.0%,21.73913043478261%
186,2011-09-17,15:00,Harlequins,42,Gloucester,6,Twickenham Stoop,Tim Wigglesworth,48,H,Sep,2011,2011-12,23.09,18.39,41.47,25.45,23.01,22.71,27.52,26.96,19.71,18.59,18.7,16.33,16.48,45.16,41.59,41.41,43.86,31.0,27.45,28.15,27.52,47.5,14.0,18.46,16.27,10.5,10.5,27.0,14.8,47.5,10.5,75.0%,21.73913043478261%
187,2011-04-24,13:30,Saracens,35,Gloucester,12,Vicarage Road,Dave Pearson,47,H,Apr,2011,2010-11,23.09,18.39,41.47,23.0,23.01,23.46,22.7,21.78,23.36,18.59,18.07,12.65,16.48,46.36,41.59,41.53,35.35,27.5,21.64,22.33,22.7,20.67,27.0,18.46,16.67,12.33,12.33,24.4,14.8,20.67,12.33,78.26086956521739%,21.73913043478261%
188,2011-05-15,14:30,Saracens,12,Gloucester,10,Vicarage Road,Andrew Small,22,H,May,2011,2010-11,23.09,18.39,41.47,28.28,23.01,23.46,22.7,21.78,16.17,18.59,18.07,12.65,16.48,44.44,41.59,41.53,35.35,26.0,21.64,22.33,22.7,20.67,14.0,18.46,16.67,12.33,12.33,24.4,14.8,20.67,12.33,78.26086956521739%,21.73913043478261%
189,2012-01-01,15:00,Saracens,15,Gloucester,15,Vicarage Road,Sean Davey,30,D,Jan,2012,2011-12,23.09,18.39,41.47,20.45,22.66,22.71,22.7,21.78,15.05,18.27,18.7,12.65,16.48,35.5,40.93,41.41,35.35,17.67,22.83,21.18,22.7,20.67,14.33,14.83,16.27,12.33,12.33,24.4,14.8,20.67,12.33,78.26086956521739%,21.73913043478261%
190,2012-01-07,14:45,Worcester,21,Gloucester,15,Sixways,Martin Fox,36,H,Jan,2012,2011-12,23.09,18.39,41.47,20.45,22.66,22.71,16.64,16.64,15.05,18.27,18.7,16.0,16.48,35.5,40.93,41.41,32.64,21.0,19.6,16.64,16.64,21.0,14.33,14.83,16.27,15.0,15.0,19.6,14.8,21.0,15.0,54.54545454545454%,21.73913043478261%
191,2010-11-21,15:00,Newcastle,12,Gloucester,6,Kingston Park,N/A,18,H,Nov,2010,2010-11,23.09,18.39,41.47,22.12,23.75,23.46,16.73,16.73,16.88,18.05,18.07,19.5,16.48,39.0,41.8,41.53,36.23,14.0,16.5,18.09,16.73,19.0,15.0,12.5,16.67,15.5,15.5,12.6,14.8,19.0,15.5,31.818181818181817%,21.73913043478261%
192,2011-12-02,20:00,Newcastle,26,Gloucester,25,Kingston Park,Greg Garner,51,H,Dec,2011,2011-12,23.09,18.39,41.47,21.9,23.01,22.71,16.73,16.73,18.0,18.59,18.7,19.5,16.48,39.9,41.59,41.41,36.23,20.0,18.38,15.36,16.73,19.0,25.0,18.46,16.27,15.5,15.5,12.6,14.8,19.0,15.5,31.818181818181817%,21.73913043478261%
193,2011-04-16,17:30,Sale,20,London Irish,34,Reebok Stadium,N/A,54,A,Apr,2011,2010-11,23.09,18.39,41.47,23.0,23.01,23.46,20.0,21.23,23.36,18.59,18.07,34.0,19.14,46.36,41.59,41.53,54.0,24.0,21.62,21.45,20.0,25.0,29.5,19.9,20.73,34.0,31.5,19.2,16.4,25.0,31.5,54.54545454545454%,22.727272727272727%
194,2011-09-09,19:45,Sale,30,London Irish,29,Edgeley Park,Sean Davey,59,H,Sep,2011,2011-12,23.09,18.39,41.47,25.45,23.01,22.71,21.29,21.23,19.71,18.59,18.7,22.81,19.14,45.16,41.59,41.41,44.1,28.75,21.62,21.0,21.29,25.0,25.5,19.9,17.55,29.0,31.5,19.2,16.4,25.0,31.5,54.54545454545454%,22.727272727272727%
195,2010-10-23,17:15,Exeter,9,London Irish,12,Sandy Park,N/A,21,A,Oct,2010,2010-11,23.09,18.39,41.47,21.63,23.75,23.46,18.45,18.45,18.66,18.05,18.07,14.0,19.14,40.29,41.8,41.53,32.45,11.0,18.4,18.09,18.45,13.5,21.0,22.83,20.73,11.5,11.5,19.6,16.4,13.5,11.5,59.09090909090909%,22.727272727272727%
196,2012-03-31,15:00,Exeter,18,London Irish,11,Sandy Park,Dave Pearson,29,H,Mar,2012,2011-12,23.09,18.39,41.47,25.17,22.66,22.71,18.45,18.45,17.6,18.27,18.7,14.0,19.14,42.77,40.93,41.41,32.45,28.33,19.6,18.82,18.45,13.5,14.33,14.17,17.55,11.5,11.5,19.6,16.4,13.5,11.5,59.09090909090909%,22.727272727272727%
197,2010-11-21,14:45,Wasps,33,London Irish,25,Adams Park,N/A,58,H,Nov,2010,2010-11,23.09,18.39,41.47,22.12,23.75,23.46,21.85,21.64,16.88,18.05,18.07,21.1,19.14,39.0,41.8,41.53,42.95,23.0,26.6,25.82,21.85,25.5,24.0,22.83,20.73,19.0,19.0,16.6,16.4,25.5,19.0,45.45454545454545%,22.727272727272727%
198,2012-03-03,15:00,Wasps,18,London Irish,13,Adams Park,Martin Fox,31,H,Mar,2012,2011-12,23.09,18.39,41.47,25.17,22.66,22.71,21.85,21.64,17.6,18.27,18.7,21.1,19.14,42.77,40.93,41.41,42.95,25.5,13.83,17.45,21.85,25.5,14.33,14.17,17.55,19.0,19.0,16.6,16.4,25.5,19.0,45.45454545454545%,22.727272727272727%
199,2010-11-27,15:00,Northampton,35,London Irish,23,Franklin's Gardens,N/A,58,H,Nov,2010,2010-11,23.09,18.39,41.47,22.12,23.75,23.46,28.73,28.73,16.88,18.05,18.07,16.41,19.14,39.0,41.8,41.53,45.14,32.5,30.8,29.18,28.73,24.0,24.0,22.83,20.73,18.5,18.5,28.6,16.4,24.0,18.5,77.27272727272727%,22.727272727272727%
200,2011-09-17,15:00,Northampton,13,London Irish,14,Franklin's Gardens,Martin Fox,27,A,Sep,2011,2011-12,23.09,18.39,41.47,25.45,23.01,22.71,28.73,28.73,19.71,18.59,18.7,16.41,19.14,45.16,41.59,41.41,45.14,24.25,27.92,28.27,28.73,24.0,25.5,19.9,17.55,18.5,18.5,28.6,16.4,24.0,18.5,77.27272727272727%,22.727272727272727%
201,2011-03-06,15:00,Leeds,27,London Irish,19,Headingley,N/A,46,H,Mar,2011,2010-11,23.09,18.39,41.47,25.17,23.01,23.46,12.73,12.73,17.6,18.59,18.07,21.18,19.14,42.77,41.59,41.53,33.91,20.0,14.14,12.73,12.73,27.0,14.33,19.9,20.73,19.0,19.0,15.0,16.4,27.0,19.0,27.27272727272727%,22.727272727272727%
202,2011-02-18,19:45,Gloucester,23,London Irish,9,Kingsholm,N/A,32,H,Feb,2011,2010-11,23.09,18.39,41.47,19.94,23.01,23.46,27.95,27.95,16.39,18.59,18.07,18.5,19.14,36.33,41.59,41.53,46.45,26.33,31.5,30.73,27.95,28.0,14.0,19.9,20.73,19.5,19.5,24.4,16.4,28.0,19.5,77.27272727272727%,22.727272727272727%
203,2011-10-01,13:00,Gloucester,33,London Irish,30,Kingsholm,Greg Garner,63,H,Oct,2011,2011-12,23.09,18.39,41.47,21.63,23.01,22.71,27.95,27.95,18.66,18.59,18.7,18.5,19.14,40.29,41.59,41.41,46.45,25.5,31.5,25.18,27.95,28.0,21.0,19.9,17.55,19.5,19.5,24.4,16.4,28.0,19.5,77.27272727272727%,22.727272727272727%
204,2011-05-07,15:00,Leicester,32,London Irish,23,Welford Road,Greg Garner,55,H,May,2011,2010-11,23.09,18.39,41.47,28.28,23.01,23.46,29.71,29.24,16.17,18.59,18.07,18.75,19.14,44.44,41.59,41.53,48.46,22.6,24.08,29.69,29.71,28.0,23.0,19.9,20.73,23.5,23.5,34.6,16.4,28.0,23.5,72.0%,22.727272727272727%
205,2011-11-05,15:05,Leicester,24,London Irish,24,Welford Road,Dave Pearson,48,D,Nov,2011,2011-12,23.09,18.39,41.47,22.12,23.01,22.71,29.71,29.24,16.88,18.59,18.7,18.75,19.14,39.0,41.59,41.41,48.46,28.67,24.08,28.75,29.71,28.0,24.0,19.9,17.55,23.5,23.5,34.6,16.4,28.0,23.5,72.0%,22.727272727272727%
206,2010-09-11,14:15,Bath,20,London Irish,13,Recreation Ground,Dave Pearson,33,H,Sep,2010,2010-11,23.09,18.39,41.47,25.45,23.75,23.46,20.5,20.5,19.71,18.05,18.07,17.64,19.14,45.16,41.8,41.53,38.14,25.0,14.6,20.0,20.5,25.0,25.5,22.83,20.73,8.0,8.0,20.0,16.4,25.0,8.0,59.09090909090909%,22.727272727272727%
207,2012-01-01,13:30,Bath,30,London Irish,3,Recreation Ground,Martin Fox,33,H,Jan,2012,2011-12,23.09,18.39,41.47,20.45,22.66,22.71,20.5,20.5,15.05,18.27,18.7,17.64,19.14,35.5,40.93,41.41,38.14,23.0,21.67,21.0,20.5,25.0,4.5,14.17,17.55,8.0,8.0,20.0,16.4,25.0,8.0,59.09090909090909%,22.727272727272727%
208,2010-12-27,16:15,Harlequins,28,London Irish,18,Twickenham Stadium,N/A,46,H,Dec,2010,2010-11,23.09,18.39,41.47,21.9,23.75,23.46,22.0,26.96,18.0,18.05,18.07,24.33,19.14,39.9,41.8,41.53,46.33,19.5,27.33,25.55,23.0,29.0,14.5,22.83,20.73,18.0,20.5,27.0,16.4,29.0,20.5,75.0%,22.727272727272727%
209,2012-02-11,14:00,Harlequins,30,London Irish,23,Twickenham Stoop,Tim Wigglesworth,53,H,Feb,2012,2011-12,23.09,18.39,41.47,19.94,22.66,22.71,27.52,26.96,16.39,18.27,18.7,16.33,19.14,36.33,40.93,41.41,43.86,22.33,25.86,28.15,27.52,29.0,14.0,14.17,17.55,23.0,20.5,27.0,16.4,29.0,20.5,75.0%,22.727272727272727%
210,2011-01-09,15:00,Saracens,12,London Irish,6,Vicarage Road,N/A,18,H,Jan,2011,2010-11,23.09,18.39,41.47,20.45,23.01,23.46,22.7,21.78,15.05,18.59,18.07,12.65,19.14,35.5,41.59,41.53,35.35,17.67,21.64,22.33,22.7,13.5,4.5,19.9,20.73,8.5,8.5,24.4,16.4,13.5,8.5,78.26086956521739%,22.727272727272727%
211,2011-12-04,14:00,Saracens,15,London Irish,11,Vicarage Road,Andrew Small,26,H,Dec,2011,2011-12,23.09,18.39,41.47,21.9,23.01,22.71,22.7,21.78,18.0,18.59,18.7,12.65,19.14,39.9,41.59,41.41,35.35,18.0,21.64,21.18,22.7,13.5,14.5,19.9,17.55,8.5,8.5,24.4,16.4,13.5,8.5,78.26086956521739%,22.727272727272727%
212,2012-04-21,15:00,Worcester,16,London Irish,25,Sixways,Tim Wigglesworth,41,A,Apr,2012,2011-12,23.09,18.39,41.47,23.0,22.66,22.71,16.64,16.64,23.36,18.27,18.7,16.0,19.14,46.36,40.93,41.41,32.64,21.0,19.6,16.64,16.64,16.0,29.5,14.17,17.55,25.0,25.0,19.6,16.4,16.0,25.0,54.54545454545454%,22.727272727272727%
213,2010-09-25,17:15,Newcastle,12,London Irish,46,Kingston Park,N/A,58,A,Sep,2010,2010-11,23.09,18.39,41.47,25.45,23.75,23.46,16.73,16.73,19.71,18.05,18.07,19.5,19.14,45.16,41.8,41.53,36.23,19.0,16.5,18.09,16.73,15.5,25.5,22.83,20.73,28.0,28.0,12.6,16.4,15.5,28.0,31.818181818181817%,22.727272727272727%
214,2012-02-18,15:00,Newcastle,19,London Irish,10,Kingston Park,N/A,29,H,Feb,2012,2011-12,23.09,18.39,41.47,19.94,22.66,22.71,16.73,16.73,16.39,18.27,18.7,19.5,19.14,36.33,40.93,41.41,36.23,16.0,12.6,15.36,16.73,15.5,14.0,14.17,17.55,28.0,28.0,12.6,16.4,15.5,28.0,31.818181818181817%,22.727272727272727%
215,2011-04-22,15:00,Sale,24,Exeter,30,Edgeley Park,Peter Fitzgibbon,54,A,Apr,2011,2010-11,23.09,18.39,41.47,23.0,23.01,23.46,21.29,21.23,23.36,18.59,18.07,22.81,20.82,46.36,41.59,41.53,44.1,24.0,21.62,21.45,21.29,23.5,25.25,20.83,20.82,30.0,30.0,19.2,22.4,23.5,30.0,54.54545454545454%,40.909090909090914%
216,2011-11-25,19:45,Sale,23,Exeter,30,Edgeley Park,Tim Wigglesworth,53,A,Nov,2011,2011-12,23.09,18.39,41.47,22.12,23.01,22.71,21.29,21.23,16.88,18.59,18.7,22.81,20.82,39.0,41.59,41.41,44.1,16.5,21.62,21.0,21.29,23.5,30.0,20.83,20.82,30.0,30.0,19.2,22.4,23.5,30.0,54.54545454545454%,40.909090909090914%
217,2010-12-05,14:45,Wasps,24,Exeter,12,Adams Park,N/A,36,H,Dec,2010,2010-11,23.09,18.39,41.47,21.9,23.75,23.46,21.85,21.64,18.0,18.05,18.07,21.1,20.82,39.9,41.8,41.53,42.95,20.0,26.6,25.82,21.85,18.0,17.0,19.2,20.82,13.5,13.5,16.6,22.4,18.0,13.5,45.45454545454545%,40.909090909090914%
218,2012-02-18,15:00,Wasps,12,Exeter,15,Adams Park,Dave Pearson,27,A,Feb,2012,2011-12,23.09,18.39,41.47,19.94,22.66,22.71,21.85,21.64,16.39,18.27,18.7,21.1,20.82,36.33,40.93,41.41,42.95,13.25,13.83,17.45,21.85,18.0,19.0,22.4,20.82,13.5,13.5,16.6,22.4,18.0,13.5,45.45454545454545%,40.909090909090914%
219,2011-03-26,15:00,London Irish,39,Exeter,17,Madejski Stadium,N/A,56,H,Mar,2011,2010-11,23.09,18.39,41.47,25.17,23.01,23.46,27.95,28.0,17.6,18.59,18.07,21.65,20.82,42.77,41.59,41.53,49.6,35.5,26.67,26.82,27.95,34.0,22.5,20.83,20.82,19.5,19.5,29.4,22.4,34.0,19.5,63.63636363636363%,40.909090909090914%
220,2011-12-27,13:30,London Irish,29,Exeter,22,Madejski Stadium,Dean Richards,51,H,Dec,2011,2011-12,23.09,18.39,41.47,21.9,23.01,22.71,27.95,28.0,18.0,18.59,18.7,21.65,20.82,39.9,41.59,41.41,49.6,21.5,26.67,29.18,27.95,34.0,17.0,20.83,20.82,19.5,19.5,29.4,22.4,34.0,19.5,63.63636363636363%,40.909090909090914%
221,2010-10-02,15:00,Northampton,27,Exeter,21,Franklin's Gardens,N/A,48,H,Oct,2010,2010-11,23.09,18.39,41.47,21.63,23.75,23.46,28.73,28.73,18.66,18.05,18.07,16.41,20.82,40.29,41.8,41.53,45.14,34.5,30.8,29.18,28.73,30.0,15.0,19.2,20.82,12.0,12.0,28.6,22.4,30.0,12.0,77.27272727272727%,40.909090909090914%
222,2011-10-08,14:30,Northampton,33,Exeter,3,Franklin's Gardens,Greg Garner,36,H,Oct,2011,2011-12,23.09,18.39,41.47,21.63,23.01,22.71,28.73,28.73,18.66,18.59,18.7,16.41,20.82,40.29,41.59,41.41,45.14,34.5,27.92,28.27,28.73,30.0,15.0,20.83,20.82,12.0,12.0,28.6,22.4,30.0,12.0,77.27272727272727%,40.909090909090914%
223,2011-04-03,15:00,Leeds,27,Exeter,22,Headingley,Tim Wigglesworth,49,H,Apr,2011,2010-11,23.09,18.39,41.47,23.0,23.01,23.46,12.73,12.73,23.36,18.59,18.07,21.18,20.82,46.36,41.59,41.53,33.91,15.0,14.14,12.73,12.73,27.0,25.25,20.83,20.82,22.0,22.0,15.0,22.4,27.0,22.0,27.27272727272727%,40.909090909090914%
224,2011-01-08,15:00,Gloucester,37,Exeter,23,Kingsholm,N/A,60,H,Jan,2011,2010-11,23.09,18.39,41.47,20.45,23.01,23.46,27.95,27.95,15.05,18.59,18.07,18.5,20.82,35.5,41.59,41.53,46.45,37.0,31.5,30.73,27.95,32.0,19.5,20.83,20.82,25.5,25.5,24.4,22.4,32.0,25.5,77.27272727272727%,40.909090909090914%
225,2012-03-24,15:00,Gloucester,27,Exeter,28,Kingsholm,Greg Garner,55,A,Mar,2012,2011-12,23.09,18.39,41.47,25.17,22.66,22.71,27.95,27.95,17.6,18.27,18.7,18.5,20.82,42.77,40.93,41.41,46.45,30.5,24.4,25.18,27.95,32.0,22.5,22.4,20.82,25.5,25.5,24.4,22.4,32.0,25.5,77.27272727272727%,40.909090909090914%
226,2010-09-11,17:30,Leicester,37,Exeter,27,Welford Road,Dean Richards,64,H,Sep,2010,2010-11,23.09,18.39,41.47,25.45,23.75,23.46,29.71,29.24,19.71,18.05,18.07,18.75,20.82,45.16,41.8,41.53,48.46,34.5,37.0,29.69,29.71,32.5,22.25,19.2,20.82,28.5,28.5,34.6,22.4,32.5,28.5,72.0%,40.909090909090914%
227,2011-09-03,15:00,Leicester,28,Exeter,30,Welford Road,Tim Wigglesworth,58,A,Sep,2011,2011-12,23.09,18.39,41.47,25.45,23.01,22.71,29.71,29.24,19.71,18.59,18.7,18.75,20.82,45.16,41.59,41.41,48.46,34.5,24.08,28.75,29.71,32.5,22.25,20.83,20.82,28.5,28.5,34.6,22.4,32.5,28.5,72.0%,40.909090909090914%
228,2011-04-09,14:30,Bath,26,Exeter,18,Recreation Ground,N/A,44,H,Apr,2011,2010-11,23.09,18.39,41.47,23.0,23.01,23.46,20.5,20.5,23.36,18.59,18.07,17.64,20.82,46.36,41.59,41.53,38.14,20.67,22.55,20.0,20.5,24.5,25.25,20.83,20.82,18.5,18.5,20.0,22.4,24.5,18.5,59.09090909090909%,40.909090909090914%
229,2011-09-17,17:30,Bath,23,Exeter,19,Recreation Ground,N/A,42,H,Sep,2011,2011-12,23.09,18.39,41.47,25.45,23.01,22.71,20.5,20.5,19.71,18.59,18.7,17.64,20.82,45.16,41.59,41.41,38.14,25.0,22.55,21.0,20.5,24.5,22.25,20.83,20.82,18.5,18.5,20.0,22.4,24.5,18.5,59.09090909090909%,40.909090909090914%
230,2010-09-25,15:00,Harlequins,40,Exeter,13,Twickenham Stoop,N/A,53,H,Sep,2010,2010-11,23.09,18.39,41.47,25.45,23.75,23.46,27.52,26.96,19.71,18.05,18.07,16.33,20.82,45.16,41.8,41.53,43.86,31.0,27.33,25.55,27.52,29.5,22.25,19.2,20.82,13.0,13.0,27.0,22.4,29.5,13.0,75.0%,40.909090909090914%
231,2011-10-29,15:00,Harlequins,19,Exeter,13,Twickenham Stoop,Sean Davey,32,H,Oct,2011,2011-12,23.09,18.39,41.47,21.63,23.01,22.71,27.52,26.96,18.66,18.59,18.7,16.33,20.82,40.29,41.59,41.41,43.86,24.0,27.45,28.15,27.52,29.5,15.0,20.83,20.82,13.0,13.0,27.0,22.4,29.5,13.0,75.0%,40.909090909090914%
232,2010-10-30,15:00,Saracens,9,Exeter,23,Vicarage Road,Tim Wigglesworth,32,A,Oct,2010,2010-11,23.09,18.39,41.47,21.63,23.75,23.46,22.7,21.78,18.66,18.05,18.07,12.65,20.82,40.29,41.8,41.53,35.35,20.0,21.0,22.33,22.7,24.5,15.0,19.2,20.82,22.5,22.5,24.4,22.4,24.5,22.5,78.26086956521739%,40.909090909090914%
233,2012-05-05,14:00,Saracens,40,Exeter,22,Vicarage Road,Tim Wigglesworth,62,H,May,2012,2011-12,23.09,18.39,41.47,28.28,22.66,22.71,22.7,21.78,16.17,18.27,18.7,12.65,20.82,44.44,40.93,41.41,35.35,26.0,22.83,21.18,22.7,24.5,22.0,22.4,20.82,22.5,22.5,24.4,22.4,24.5,22.5,78.26086956521739%,40.909090909090914%
234,2012-04-14,15:00,Worcester,26,Exeter,31,Sixways,Dean Richards,57,A,Apr,2012,2011-12,23.09,18.39,41.47,23.0,22.66,22.71,16.64,16.64,23.36,18.27,18.7,16.0,20.82,46.36,40.93,41.41,32.64,21.0,19.6,16.64,16.64,26.0,25.25,22.4,20.82,31.0,31.0,19.6,22.4,26.0,31.0,54.54545454545454%,40.909090909090914%
235,2011-02-18,20:00,Newcastle,13,Exeter,23,Kingston Park,N/A,36,A,Feb,2011,2010-11,23.09,18.39,41.47,19.94,23.01,23.46,16.73,16.73,16.39,18.59,18.07,19.5,20.82,36.33,41.59,41.53,36.23,16.0,18.38,18.09,16.73,11.5,19.0,20.83,20.82,19.5,19.5,12.6,22.4,11.5,19.5,31.818181818181817%,40.909090909090914%
236,2012-01-07,15:00,Newcastle,10,Exeter,16,Kingston Park,Andrew Small,26,A,Jan,2012,2011-12,23.09,18.39,41.47,20.45,22.66,22.71,16.73,16.73,15.05,18.27,18.7,19.5,20.82,35.5,40.93,41.41,36.23,14.5,12.6,15.36,16.73,11.5,19.5,22.4,20.82,19.5,19.5,12.6,22.4,11.5,19.5,31.818181818181817%,40.909090909090914%
237,2012-02-10,20:00,Sale,15,Worcester,12,Edgeley Park,Llyr ApGeraint-Roberts,27,H,Feb,2012,2011-12,23.09,18.39,41.47,19.94,22.66,22.71,21.29,21.23,16.39,18.27,18.7,22.81,12.64,36.33,40.93,41.41,44.1,21.0,19.2,21.0,21.29,15.0,13.0,12.67,12.64,12.0,12.0,19.2,14.0,15.0,12.0,54.54545454545454%,9.090909090909092%
238,2011-12-03,15:00,Exeter,15,Worcester,9,Sandy Park,N/A,24,H,Dec,2011,2011-12,23.09,18.39,41.47,21.9,23.01,22.71,18.45,18.45,18.0,18.59,18.7,14.0,12.64,39.9,41.59,41.41,32.45,12.0,18.0,18.82,18.45,15.0,9.0,12.6,12.64,9.0,9.0,19.6,14.0,15.0,9.0,59.09090909090909%,9.090909090909092%
239,2012-01-01,15:00,Wasps,0,Worcester,6,Adams Park,Wayne Barnes,6,A,Jan,2012,2011-12,23.09,18.39,41.47,20.45,22.66,22.71,21.85,21.64,15.05,18.27,18.7,21.1,12.64,35.5,40.93,41.41,42.95,16.5,13.83,17.45,21.85,0.0,6.0,12.67,12.64,6.0,6.0,16.6,14.0,0.0,6.0,45.45454545454545%,9.090909090909092%
240,2011-10-09,14:00,London Irish,42,Worcester,24,Madejski Stadium,N/A,66,H,Oct,2011,2011-12,23.09,18.39,41.47,21.63,23.01,22.71,27.95,28.0,18.66,18.59,18.7,21.65,12.64,40.29,41.59,41.41,49.6,33.25,26.67,29.18,27.95,42.0,24.0,12.6,12.64,24.0,24.0,29.4,14.0,42.0,24.0,63.63636363636363%,9.090909090909092%
241,2012-05-05,14:00,Northampton,42,Worcester,14,Franklin's Gardens,Greg Garner,56,H,May,2012,2011-12,23.09,18.39,41.47,28.28,22.66,22.71,28.73,28.73,16.17,18.27,18.7,16.41,12.64,44.44,40.93,41.41,45.14,36.5,28.6,28.27,28.73,42.0,14.0,12.67,12.64,14.0,14.0,28.6,14.0,42.0,14.0,77.27272727272727%,9.090909090909092%
242,2011-09-10,15:00,Gloucester,29,Worcester,8,Kingsholm,N/A,37,H,Sep,2011,2011-12,23.09,18.39,41.47,25.45,23.01,22.71,27.95,27.95,19.71,18.59,18.7,18.5,12.64,45.16,41.59,41.41,46.45,24.0,31.5,25.18,27.95,29.0,7.0,12.6,12.64,8.0,8.0,24.4,14.0,29.0,8.0,77.27272727272727%,9.090909090909092%
243,2012-03-30,19:45,Leicester,43,Worcester,13,Welford Road,Wayne Barnes,56,H,Mar,2012,2011-12,23.09,18.39,41.47,25.17,22.66,22.71,29.71,29.24,17.6,18.27,18.7,18.75,12.64,42.77,40.93,41.41,48.46,31.0,31.43,28.75,29.71,43.0,15.0,12.67,12.64,13.0,13.0,34.6,14.0,43.0,13.0,72.0%,9.090909090909092%
244,2012-03-03,14:15,Bath,36,Worcester,17,Recreation Ground,Greg Garner,53,H,Mar,2012,2011-12,23.09,18.39,41.47,25.17,22.66,22.71,20.5,20.5,17.6,18.27,18.7,17.64,12.64,42.77,40.93,41.41,38.14,16.0,21.67,21.0,20.5,36.0,15.0,12.67,12.64,17.0,17.0,20.0,14.0,36.0,17.0,59.09090909090909%,9.090909090909092%
245,2012-02-18,17:30,Harlequins,16,Worcester,14,Twickenham Stoop,N/A,30,H,Feb,2012,2011-12,23.09,18.39,41.47,19.94,22.66,22.71,27.52,26.96,16.39,18.27,18.7,16.33,12.64,36.33,40.93,41.41,43.86,22.33,25.86,28.15,27.52,16.0,13.0,12.67,12.64,14.0,14.0,27.0,14.0,16.0,14.0,75.0%,9.090909090909092%
246,2011-09-18,14:15,Saracens,18,Worcester,6,Vicarage Road,Llyr ApGeraint-Roberts,24,H,Sep,2011,2011-12,23.09,18.39,41.47,25.45,23.01,22.71,22.7,21.78,19.71,18.59,18.7,12.65,12.64,45.16,41.59,41.41,35.35,21.25,21.64,21.18,22.7,18.0,7.0,12.6,12.64,6.0,6.0,24.4,14.0,18.0,6.0,78.26086956521739%,9.090909090909092%
247,2011-11-04,19:45,Newcastle,16,Worcester,16,Kingston Park,Wayne Barnes,32,D,Nov,2011,2011-12,23.09,18.39,41.47,22.12,23.01,22.71,16.73,16.73,16.88,18.59,18.7,19.5,12.64,39.0,41.59,41.41,36.23,14.0,18.38,15.36,16.73,16.0,16.0,12.6,12.64,16.0,16.0,12.6,14.0,16.0,16.0,31.818181818181817%,9.090909090909092%
248,2010-11-27,15:00,Exeter,24,Sale,19,Sandy Park,N/A,43,H,Nov,2010,2010-11,23.09,18.39,41.47,22.12,23.75,23.46,18.45,18.45,16.88,18.05,18.07,14.0,19.0,39.0,41.8,41.53,32.45,19.33,18.4,18.09,18.45,30.5,14.5,16.83,17.82,15.5,15.5,19.6,18.2,30.5,15.5,59.09090909090909%,18.181818181818183%
249,2012-03-03,15:00,Exeter,37,Sale,12,Sandy Park,Dean Richards,49,H,Mar,2012,2011-12,23.09,18.39,41.47,25.17,22.66,22.71,18.45,18.45,17.6,18.27,18.7,14.0,19.0,42.77,40.93,41.41,32.45,28.33,19.6,18.82,18.45,30.5,19.0,19.0,20.18,15.5,15.5,19.6,18.2,30.5,15.5,59.09090909090909%,18.181818181818183%
250,2011-03-06,15:00,Wasps,33,Sale,26,Adams Park,N/A,59,H,Mar,2011,2010-11,23.09,18.39,41.47,25.17,23.01,23.46,21.85,21.64,17.6,18.59,18.07,21.1,19.0,42.77,41.59,41.53,42.95,25.5,23.64,25.82,21.85,25.5,19.0,20.3,17.82,27.5,27.5,16.6,18.2,25.5,27.5,45.45454545454545%,18.181818181818183%
251,2011-09-17,15:00,Wasps,18,Sale,29,Adams Park,Greg Garner,47,A,Sep,2011,2011-12,23.09,18.39,41.47,25.45,23.01,22.71,21.85,21.64,19.71,18.59,18.7,21.1,19.0,45.16,41.59,41.41,42.95,29.75,23.64,17.45,21.85,25.5,17.5,20.3,20.18,27.5,27.5,16.6,18.2,25.5,27.5,45.45454545454545%,18.181818181818183%
252,2010-10-31,15:00,London Irish,39,Sale,26,Madejski Stadium,Martin Fox,65,H,Oct,2010,2010-11,23.09,18.39,41.47,21.63,23.75,23.46,27.95,28.0,18.66,18.05,18.07,21.65,19.0,40.29,41.8,41.53,49.6,33.25,29.8,26.82,27.95,30.0,24.33,16.83,17.82,22.5,22.5,29.4,18.2,30.0,22.5,63.63636363636363%,18.181818181818183%
253,2012-01-08,15:00,London Irish,21,Sale,19,Madejski Stadium,Wayne Barnes,40,H,Jan,2012,2011-12,23.09,18.39,41.47,20.45,22.66,22.71,27.95,28.0,15.05,18.27,18.7,21.65,19.0,35.5,40.93,41.41,49.6,22.5,29.4,29.18,27.95,30.0,20.33,19.0,20.18,22.5,22.5,29.4,18.2,30.0,22.5,63.63636363636363%,18.181818181818183%
254,2011-04-02,14:30,Northampton,53,Sale,24,Franklin's Gardens,N/A,77,H,Apr,2011,2010-11,23.09,18.39,41.47,23.0,23.01,23.46,28.73,28.73,23.36,18.59,18.07,16.41,19.0,46.36,41.59,41.53,45.14,37.0,27.92,29.18,28.73,38.5,24.0,20.3,17.82,20.5,20.5,28.6,18.2,38.5,20.5,77.27272727272727%,18.181818181818183%
255,2012-02-18,15:00,Northampton,24,Sale,17,Franklin's Gardens,Greg Garner,41,H,Feb,2012,2011-12,23.09,18.39,41.47,19.94,22.66,22.71,28.73,28.73,16.39,18.27,18.7,16.41,19.0,36.33,40.93,41.41,45.14,18.33,28.6,28.27,28.73,38.5,13.0,19.0,20.18,20.5,20.5,28.6,18.2,38.5,20.5,77.27272727272727%,18.181818181818183%
256,2010-10-22,19:45,Leeds,3,Sale,6,Headingley,N/A,9,A,Oct,2010,2010-11,23.09,18.39,41.47,21.63,23.75,23.46,12.73,12.73,18.66,18.05,18.07,21.18,19.0,40.29,41.8,41.53,33.91,5.5,10.25,12.73,12.73,3.0,24.33,16.83,17.82,6.0,6.0,15.0,18.2,3.0,6.0,27.27272727272727%,18.181818181818183%
257,2011-05-07,15:00,Gloucester,68,Sale,17,Kingsholm,N/A,85,H,May,2011,2010-11,23.09,18.39,41.47,28.28,23.01,23.46,27.95,27.95,16.17,18.59,18.07,18.5,19.0,44.44,41.59,41.53,46.45,68.0,31.5,30.73,27.95,43.5,17.0,20.3,17.82,20.5,20.5,24.4,18.2,43.5,20.5,77.27272727272727%,18.181818181818183%
258,2012-04-21,15:00,Gloucester,19,Sale,24,Kingsholm,N/A,43,A,Apr,2012,2011-12,23.09,18.39,41.47,23.0,22.66,22.71,27.95,27.95,23.36,18.27,18.7,18.5,19.0,46.36,40.93,41.41,46.45,25.0,24.4,25.18,27.95,43.5,24.0,19.0,20.18,20.5,20.5,24.4,18.2,43.5,20.5,77.27272727272727%,18.181818181818183%
259,2010-12-27,15:00,Leicester,54,Sale,21,Welford Road,N/A,75,H,Dec,2010,2010-11,23.09,18.39,41.47,21.9,23.75,23.46,29.71,29.24,18.0,18.05,18.07,18.75,19.0,39.9,41.8,41.53,48.46,42.0,37.0,29.69,29.71,41.0,18.5,16.83,17.82,22.0,22.0,34.6,18.2,41.0,22.0,72.0%,18.181818181818183%
260,2012-01-01,15:30,Leicester,28,Sale,23,Welford Road,Andrew Small,51,H,Jan,2012,2011-12,23.09,18.39,41.47,20.45,22.66,22.71,29.71,29.24,15.05,18.27,18.7,18.75,19.0,35.5,40.93,41.41,48.46,24.67,31.43,28.75,29.71,41.0,20.33,19.0,20.18,22.0,22.0,34.6,18.2,41.0,22.0,72.0%,18.181818181818183%
261,2010-09-25,14:15,Bath,31,Sale,16,Recreation Ground,N/A,47,H,Sep,2010,2010-11,23.09,18.39,41.47,25.45,23.75,23.46,20.5,20.5,19.71,18.05,18.07,17.64,19.0,45.16,41.8,41.53,38.14,25.0,14.6,20.0,20.5,22.0,17.5,16.83,17.82,16.0,16.0,20.0,18.2,22.0,16.0,59.09090909090909%,18.181818181818183%
262,2011-12-03,14:15,Bath,13,Sale,16,Recreation Ground,N/A,29,A,Dec,2011,2011-12,23.09,18.39,41.47,21.9,23.01,22.71,20.5,20.5,18.0,18.59,18.7,17.64,19.0,39.9,41.59,41.41,38.14,13.0,22.55,21.0,20.5,22.0,18.5,20.3,20.18,16.0,16.0,20.0,18.2,22.0,16.0,59.09090909090909%,18.181818181818183%
263,2011-02-19,15:00,Harlequins,21,Sale,9,Twickenham Stoop,N/A,30,H,Feb,2011,2010-11,23.09,18.39,41.47,19.94,23.01,23.46,27.52,26.96,16.39,18.59,18.07,16.33,19.0,36.33,41.59,41.53,43.86,22.33,27.45,25.55,27.52,34.5,13.0,20.3,17.82,25.0,25.0,27.0,18.2,34.5,25.0,75.0%,18.181818181818183%
264,2011-10-01,15:00,Harlequins,48,Sale,41,Twickenham Stoop,Martin Fox,89,H,Oct,2011,2011-12,23.09,18.39,41.47,21.63,23.01,22.71,27.52,26.96,18.66,18.59,18.7,16.33,19.0,40.29,41.59,41.41,43.86,24.0,27.45,28.15,27.52,34.5,24.33,20.3,20.18,25.0,25.0,27.0,18.2,34.5,25.0,75.0%,18.181818181818183%
265,2010-09-12,14:15,Saracens,28,Sale,13,Vicarage Road,Wayne Barnes,41,H,Sep,2010,2010-11,23.09,18.39,41.47,25.45,23.75,23.46,22.7,21.78,19.71,18.05,18.07,12.65,19.0,45.16,41.8,41.53,35.35,21.25,21.0,22.33,22.7,25.5,17.5,16.83,17.82,11.5,11.5,24.4,18.2,25.5,11.5,78.26086956521739%,18.181818181818183%
266,2011-11-06,15:00,Saracens,23,Sale,10,Vicarage Road,Martin Fox,33,H,Nov,2011,2011-12,23.09,18.39,41.47,22.12,23.01,22.71,22.7,21.78,16.88,18.59,18.7,12.65,19.0,39.0,41.59,41.41,35.35,23.0,21.64,21.18,22.7,25.5,14.5,20.3,20.18,11.5,11.5,24.4,18.2,25.5,11.5,78.26086956521739%,18.181818181818183%
267,2011-09-03,15:00,Worcester,17,Sale,12,Sixways,N/A,29,H,Sep,2011,2011-12,23.09,18.39,41.47,25.45,23.01,22.71,16.64,16.64,19.71,18.59,18.7,16.0,19.0,45.16,41.59,41.41,32.64,14.67,14.17,16.64,16.64,17.0,17.5,20.3,20.18,12.0,12.0,19.6,18.2,17.0,12.0,54.54545454545454%,18.181818181818183%
268,2011-01-07,19:45,Newcastle,19,Sale,19,Kingston Park,N/A,38,D,Jan,2011,2010-11,23.09,18.39,41.47,20.45,23.01,23.46,16.73,16.73,15.05,18.59,18.07,19.5,19.0,35.5,41.59,41.53,36.23,14.5,18.38,18.09,16.73,20.5,20.33,20.3,17.82,19.0,19.0,12.6,18.2,20.5,19.0,31.818181818181817%,18.181818181818183%
269,2012-03-30,19:45,Newcastle,22,Sale,19,Kingston Park,N/A,41,H,Mar,2012,2011-12,23.09,18.39,41.47,25.17,22.66,22.71,16.73,16.73,17.6,18.27,18.7,19.5,19.0,42.77,40.93,41.41,36.23,21.33,12.6,15.36,16.73,20.5,19.0,19.0,20.18,19.0,19.0,12.6,18.2,20.5,19.0,31.818181818181817%,18.181818181818183%
